Unidade da Federação;2011/Jan;2011/Fev;2011/Mar;2011/Abr;2011/Mai;2011/Jun;2011/Jul;2011/Ago;2011/Set;2011/Out;2011/Nov;2011/Dez;2012/Jan;2012/Fev;2012/Mar;2012/Abr;2012/Mai;2012/Jun;2012/Jul;2012/Ago;2012/Set;2012/Out;2012/Nov;2012/Dez;2013/Jan;2013/Fev;2013/Mar;2013/Abr;2013/Mai;2013/Jun;2013/Jul;2013/Ago;2013/Set;2013/Out;2013/Nov;2013/Dez;2014/Jan;2014/Fev;2014/Mar;2014/Abr;2014/Mai;2014/Jun;2014/Jul;2014/Ago;2014/Set;2014/Out;2014/Nov;2014/Dez;2015/Jan;2015/Fev;2015/Mar;2015/Abr;2015/Mai;2015/Jun;2015/Jul;2015/Ago;2015/Set;2015/Out;2015/Nov;2015/Dez;2016/Jan;2016/Fev;2016/Mar;2016/Abr;2016/Mai;2016/Jun;2016/Jul;2016/Ago;2016/Set;2016/Out;2016/Nov;2016/Dez;2017/Jan;2017/Fev;2017/Mar;2017/Abr;2017/Mai;2017/Jun;2017/Jul;2017/Ago;2017/Set;2017/Out;2017/Nov;2017/Dez;2018/Jan;2018/Fev;2018/Mar;2018/Abr;2018/Mai;2018/Jun;2018/Jul;2018/Ago;2018/Set;2018/Out;2018/Nov;2018/Dez;2019/Jan;2019/Fev;2019/Mar;2019/Abr;2019/Mai;2019/Jun;2019/Jul;2019/Ago;2019/Set;2019/Out;2019/Nov;2019/Dez;2020/Jan;2020/Fev;2020/Mar;2020/Abr;2020/Mai;2020/Jun;2020/Jul;2020/Ago;2020/Set;2020/Out;2020/Nov;2020/Dez
11 Rondônia;4173529,95;4293085,61;4674947,02;5087527,81;4724192,54;4690112,05;4319488,17;4778472,22;4202805,84;4372265,77;4389025,81;4045339,34;4472721,53;4417486,2;4859795,35;4590008,82;4579463,54;4467858,99;4160296,03;4315005,38;4043314,46;4289759,65;4138600,85;3966744,3;4471693,32;4378412,9;5495946,92;5380890,26;5170015,34;4899586,21;5526959,19;5889685,39;6367552,03;6299844,72;6685861,76;6163036,06;6349302;6059111,35;6740436,14;6584249,21;7558087,91;6934864,98;7150611,14;6957882,67;7057715,9;7096778,4;6965306,56;6803544,72;6983698,79;6624059,46;7501596,28;7365022,91;7645734,88;7545619,91;7438604,96;7233618,24;7425981,15;7654315,58;7429006,24;7580768,75;7025175,6;6760305,81;7779822,21;7707892,66;8560529,9;8355165,66;7845709,98;7931146,33;7554941,74;7963674,01;6964512,59;7174445,57;7007236,18;7154710,19;8762491,6;8133488,55;8140639,49;8041248,8;8199032,67;8363386,07;7889819,5;8603943,85;8048398,25;8159737,49;8457455,71;7766983,2;8858845,57;8407076,44;9492938,92;8206195,92;9011612,58;9124967,84;8406732,72;8411360,02;8651081,66;8193425,99;8388269,45;8645315,78;9050329,13;9211262,51;9490545,02;8600886,2;8919190,86;8909111,89;8409386,09;8924348,41;8948605,66;8660753,05;8327665,97;8430960,97;7251287,2;7490440,6;8957706,45;10993332,84;10444525,14;11426522,76;8650051,23;7424388,6;6512472,15;3429070,34
12 Acre;2749521,65;2473515,82;2801446,23;2672803,31;3135521,3;2719044,65;2814550,89;2923529,36;2804546,95;2773202,98;2711168,25;2765187,44;2804275,11;2460383,33;3062146,31;2780466,09;2811471,16;2813012,39;2946976,72;2801590,13;3089898,24;3049071,15;2858028,89;2642140,91;2774802,96;2650391,04;2813059,49;2906257,88;2893275,56;2687861,43;2940387,36;2895941,14;2824796,19;3034232,68;2682370,65;2680655;2880570,12;2611479,72;3026117,7;3116433,45;3166557,72;3138759,74;3011898,65;3111431,36;2630560,39;3079894,04;3191663,93;2862824,95;3136522,53;2901829,7;3043474,78;3139472,52;3096430,52;3334482,41;2953212,26;3162075,03;3109856,27;3177087,64;3097868,79;3059992,59;3168190,91;3037922,8;3271599,56;3207893,15;3402393,7;3380644,97;3566107,55;3523208,57;3173932,43;2911080,18;3082652,71;3173509,52;3009727,19;3134471,01;3586781,3;2811365,43;3161446,53;3355223,35;3562691,54;3375296,64;3341497,58;3358378,05;3145385,44;2638773,92;2968168,75;2769797,39;3057631,96;2874965,31;3175575,17;3060903,21;3253011,61;3040645,05;2926179,27;3126120,64;2473454,85;2277493,49;2594347,32;2234388,36;2473008,49;2979764,77;3070533,95;3249052,69;3567538,64;2981072,98;2998860,31;3293378,97;3174249,43;2959569,09;3276790,55;2985439,26;2939675,2;2672857,33;2940827,86;3732098,58;4053085,41;3537283,63;3186517,29;2804839,14;2201264,05;1039798,08
13 Amazonas;9800511,52;9461664,54;10954545,77;10529645,04;10105494,01;9966359,03;9972847,16;9965893,92;9861030,02;10206641,46;10735915,35;8702766,18;10037664,68;8977728,1;11048686,39;10472290,4;11490377,42;10677441,18;11010010,57;10766405,24;9569712,9;9989822,59;9957925,62;8918794,96;10855590,98;9429474,72;10170130,9;10539428,15;11110036,76;10467110,16;10400642,04;10851212,49;10420922,29;10599000,25;10244521,6;9306819,97;9474986,9;8225118,03;9923980,1;10308887,72;10398106,16;10613208,66;10530622,36;10789449,65;11373085,93;11780494,51;11275532,44;10959544,5;12149857,06;11363981,9;13379237,72;13159168,82;12962255,41;13423538,07;13253844,31;13457422,49;12622284,09;13088040,45;11495628,09;11596671,58;11543911,29;11990242,08;13508906,38;13067645,44;13633627,87;13143225,36;12692419,45;12517962,68;11634453,4;12121775,2;10806653,19;11933902,28;12214148,15;11689140,72;13474719,8;13717831,75;13909566,03;13718828,46;14396210,86;13745304,22;13979792,94;13895515,9;13518116,8;13635186,02;14549450,86;12753555,36;14749409,47;14577930,81;15381061,96;14653650,77;15544595,79;16374961,41;15343340,93;16249963,61;14255408,82;14274053,94;15358914;14100074,56;16103971,89;16154491,82;16529976,06;15509984,83;16642220,71;16493719,52;15351607,47;16339427,95;14821977,5;14965815,9;15982212,38;15166027,16;14815958,58;16379386,07;19625325,21;18433057,47;19291184,75;18664262,4;18518035,54;17634793,5;13115540,22;5660135,46
14 Roraima;1604886,45;1220176,72;1276120,86;1379942,19;1679122,67;1770324,67;1646157,39;1656379,5;1802450,34;1856131,44;1655521,98;1620351,06;1605536,38;1625159,47;1768605,61;1589072,69;1982657,11;1782557,43;1743562,81;1822724,18;1637458,04;1374247,23;1613270,45;1586569,21;1712994,69;1483195,3;1783411,48;1713083,73;1724464,55;1965346,91;1835094,3;1816091,81;1741449,49;1779522,8;1698450,51;1739855,56;1649617,13;1444697,49;1828395,54;1743474,24;1939379,14;1778530,78;1839321,94;1818003,17;1890924,98;1792376,75;1929194,87;1927452,43;1952679,49;1650143,01;1806730,29;1967249,27;2002239,47;2200465,33;2230544,02;2285467,53;2215191,54;2005870,76;1937208,01;2000028,1;2306946,41;2000924,9;2333218,37;2069716,58;2105130,54;2390060,15;2324710,08;2476903,43;2212516,5;2349084,57;2184836,8;2380057,58;2370359,62;2256529,94;2602191,08;2392160,3;2761536,23;2699213,85;2682746,28;2891100,2;2737677,78;2693726,29;2671451,53;2688315,7;2740952,07;2478349,44;2674958,94;2721261,19;2844811,66;2967161,35;2841587,97;3328230,63;2878691,04;2964324,32;2524712,4;2462451,64;2662240,18;2499996,16;2846135,56;2789823,29;2839389,53;2647540,2;2865777,71;3181321,82;3070436,96;3162342,44;3121104,71;2889969,87;3084561,08;2967159,04;2813954,05;2306119,95;2921522,16;3300012,98;3192075,41;3262354,34;2973805,27;3209744,42;2888884,51;1735511,41
15 Pará;27999789,2;26170892,65;29193123,8;27294759,31;27759327,87;26458847,52;25646178,94;27348214,64;27122078,56;27151997,82;27076766,56;25935603,25;26931701,79;25389310,74;28704612,93;26847966,6;28536479,38;24989145,96;23915410,75;25339308,28;26463528,52;27078939,15;25649589,97;24231259,58;27488235,67;24858606,41;28385955,37;29935288,76;30031113,55;28287779,49;27834188,35;28495723,69;28476294,93;29356437,61;28086219,41;27125004,59;29767266,18;27835380,47;29163415,18;29555562,23;29906534,73;28163413,4;29162727,48;29042208,36;29657868,87;28900904,08;29550827,16;27962491,97;28691072,01;26549566,21;31911102,11;29750854,64;31054967,78;29235281,56;29501440,59;28931804,95;29476810,94;29458486,92;28477062,76;27489497,15;28500205,13;27179920,78;31117998,99;30192626,29;31099655,36;30920858,9;29971249,77;32160799,99;32271083,66;30090090,28;30190160,1;29399653,85;31598256,46;28219353,4;34021215,17;30540036,73;33921112,99;31808597,47;32133134,42;33770556,65;32979925,38;33665042,35;33475545,29;32067934,67;33615836,09;30623491,62;34121931;35039954,2;35424611,06;34160283,18;34484949,49;35618364,04;34380916,9;38441090,5;33583538,08;32789354,87;34513534,8;31885919,67;33236155,79;31008924,95;31064106,5;28543179,3;36713929,36;36462011,47;36792954,02;36984314,6;35579251,49;35247659,3;37045037,44;34682469,61;34908420,5;29184280,42;43327731,71;40981037,01;40465747,71;38645329,29;36425914,05;34769757,62;26725835,92;12584469,19
16 Amapá;1865892,98;1684178,33;1916700,22;1961976,04;1868835,95;1644399,84;1754611,59;1896266,48;1805783,3;1890071,25;1824489,66;1596201,03;1876466,36;1790176,91;1914026,23;1873009,95;2141271,36;1858153,83;2008511,81;2091388,06;1955058,92;2067357,5;1875480,25;1698096,96;1984150,33;1816966,55;2054213,74;2212994,19;2127151,29;2030072,9;2018989,22;2030265,74;1998378,04;2302382,78;1914523,39;1861538,38;2175830,82;1835760,6;2030063,08;2170445,98;1925149,16;1839113,66;1940056,21;1920353,35;1966897,86;2002560,03;1546358,63;1444087,11;1643867,04;1596872,07;1941475,46;1879849,54;1883885,3;2027129,41;2011512,1;2011212,92;2099809,71;1852746,03;1785754,7;1582904,81;1643327,69;1634178,49;1875981,8;1927461,31;1921705,65;2075852,44;1874227,86;1804640,32;1758596,38;1766504,15;1603000,31;1747780,08;1818874,15;1558585,21;2040910,24;1813477,93;2125677,11;2128578,23;1873120,82;1990850,21;1920807,56;1915176,64;1782927,17;1610779,22;1888216,67;1756846;1869746,5;2009211,4;2092229,29;2047927;2260210,72;2408659,24;2369223,52;2588154,29;2298458,18;2356798,88;2441325,03;2564176,12;2604263,92;2573615,74;2127851,77;2632890,52;2445874,82;2173060,89;2541342,33;2540183,86;2239443,36;2141400,83;2351019,41;2342718,63;2286375,9;1774558,12;2761503,37;2735248,12;2536642,73;2670837,67;2496929,8;2554353,26;1448075,77;597834,3
17 Tocantins;6941869,25;6599081,65;7413705,96;7052696,3;7347972,12;7195700,99;6692342,1;7354563,65;7001655,77;7163042,27;7387432,12;6918937,72;6911629,24;6861305,7;7962642,54;7569569,03;7873544,5;7029694,26;7309756,3;7533961,4;7065536;7253945,2;7059428,07;7126175,36;7149726,9;6867397,84;7930788,14;7843197,37;7985534,08;7339724,75;6973385,81;7282719,7;7583823,22;7602010,31;7166668,22;6801991,2;7145654,9;6692304,82;7216016,89;7593666,16;7938065,44;7453874,63;7666792,36;7671320,07;7647894,51;8198652,9;6957903,45;7091428,86;6509554,73;6150808,12;6987992,01;7089569,37;6797438,68;7054458,82;6576820,03;6777026,62;6354334,8;6409616,56;5793834,87;5471576,16;5984657,32;6135319,66;6578319,07;6829072,67;6692200,88;6685793,03;6349955,78;6364449,44;5802559,93;6095598,53;6143712,1;6300553,48;6198970,34;5949471,9;7390529,49;6196834,14;6542051,61;6590321,02;6148782,34;6485259,2;5585288;5603258,02;4713046,68;5506366,07;5632745,75;4710764,24;5120953,06;5347244,49;5955968,29;5484401,52;5445767,44;5514866,91;5486178,29;6041880,73;6217142,03;6269869,67;6462574,69;5785900,15;6588080,47;7235519,78;6957234,52;7127258,56;7117047,32;7140062,79;7119991,29;7587986,9;7594175,34;7573064,95;7227714,55;7343446,18;7027599,91;6261458,26;7390889,58;7871556,55;7934629,02;6488927,84;4229376,6;1853045,23;476687,76;318157,73
21 Maranhão;20558875,99;19977629,75;21051962,55;20427859,83;20394245,38;19651953,64;19996700,68;21580703,66;20245794,42;20333768,64;20641565,65;20042052,18;21667842,68;19843187,4;22311315,33;21936710,14;23865479,84;21477051,21;22217034,78;22983350,39;21299563,46;20978124,04;19399117,4;18634163,75;25206227,27;21445241,15;23985012,99;24523122,2;24949082,24;23923607,23;24260327,35;24690945,46;24827957,99;25952455,8;24020335,21;23174815,8;25507397,81;23801911,56;26335073,33;26008999,98;26222404,44;24688685,01;26226955,69;26179528,67;26066680,11;26207062,17;24976037,03;22979116,71;24789776,43;23003880,1;28115068,63;27547788,24;27857064,98;25355645,36;27145080,93;27057062,67;26101472,76;26479823,13;24295018,99;23481603,93;25312023,78;24756341,86;27033644,24;26503676,43;27619741,39;26541084,89;25989748,68;27770136,72;26269786,85;25348958,03;23766458,2;21545188,48;25926179,93;24702787,12;28691934,15;26096854,7;29029435,38;27321050,25;28484925,44;29352713,33;27276984,54;28743285,7;28083157,75;27083233,19;29426388,72;26350830,39;29901046,53;30897068,02;30281504,24;28453973,46;30806965,3;30838532,57;29976987,17;31001538,23;28237905,9;27802462,95;30160826,23;27614666,06;30322908,98;30475196,99;32603116,94;29836256,42;31285047,05;31374933,66;31617443,39;30205022,97;31081861,45;29882634,85;31639740,31;28875402,13;29401096,62;24555641,06;34826295,77;35888141,01;33979574,62;32620015,14;31294372,84;31609052,25;22481959,73;10744681,21
22 Piauí;14588897,24;12265757,09;13187651,73;12678417,26;12675205,11;12160076,86;11919067,3;12159124,51;12562834,87;12203495,51;12160989,36;11608735,33;12834140,49;11611101,59;12743982,18;12211230,16;13641916,12;12513374,69;13241101,64;13237685,63;12920892,43;13014911,78;12099537,09;11893570,28;13407770,12;12239523,08;13957685,19;15159216,27;14651845,08;14822072,98;14374218,21;14091252,29;13859943,48;14082278,8;13194957,82;12195808,15;14073144,03;13340653,42;14008839,63;13964766,06;14459727,73;13753793,88;14608648,02;14713607,19;14439476,37;14293771,07;13865890,04;13206900,08;13597811,08;12615331,21;14868279,77;14769906,42;14666785,68;14444499,68;14457752,47;14930169,52;14935364,43;14778012,73;14278653,98;13980063,87;14658724,11;14211959,72;15781590,9;15724013,35;16420434,62;16255227,09;15885221,21;16317458,71;15699225,71;15292962,1;14904386,72;14303401,01;15650158,5;14629028,08;16818930,13;15761679,42;16985528,31;15520246,72;15403020,27;15726662,86;15307387,92;15656346,1;15605461,66;15042889,08;15979472,64;13641357,11;16164249,27;16313578,41;17276287,23;16132887,17;16216685,5;16550617,02;15762154,38;16793302,69;15744012,68;15599219,88;16902421,18;15551984,49;16878130;16779468,57;18003271,66;17159273,87;17515580,04;17826456,87;17916788,9;19165561,07;17659145,47;16846903,02;17313368,84;16307626,74;15527356,72;12295504,8;15635621,12;18772428,2;25817440,95;22431918,38;19882848,28;17822190,91;14441283,96;7926748,48
23 Ceará;34637771,87;34649389,56;37658012,21;35683387,3;37260046,55;35867328,04;35178216,83;37364680,23;35239070,35;36947961,07;34802724,85;33077649,92;36096857,16;32142627,23;36331662,36;37735485,88;38662410,92;35663161,49;35934796,17;37311486,4;34850162,08;36964075,37;34416532,18;32662038,1;38349081,02;35710935,71;37814006,7;41827390,37;43072821,35;38194053,44;41101106,03;42525459,89;42492881,2;42082341,42;39804364;38788968,55;43406080,99;40370559,34;42995110,12;43491392,46;45375942,02;43578891,04;44455375,37;43554682,26;43024685,91;43552544,65;41205055,49;41340871,1;40993737,5;39541875,33;45207226,27;44159232,24;43104628,26;44518659,07;45132349,62;46763315,18;44132910;45894923,72;43000231,27;41558755,83;43547264,94;41106872,3;45692292,37;44061138,42;47702073,43;47592767,97;46220278,85;47949470,12;45273409,51;43507489,89;43769366,37;42224905,99;44446965,72;41017070,43;48433708,73;44438681,32;47759433,66;47753431,2;47806876,01;48455531,04;45911450,82;49168014;44744867,16;44448179,93;48586284,74;42120360,66;48637258,49;50805625,71;51998581,31;47406805,41;47916557,96;51376446,25;46560335,78;52222583,92;47717852,54;45190142,71;51302833,45;47498136,96;50654425,8;52330260,13;55377523,94;49993224,43;54340019,6;51672585,01;51744847,14;53947931,13;50215470,13;48450464,27;53141363,31;49229433,95;46713577,11;44951813,17;59148124,39;57169823,87;58097976,22;53897511,07;51143227,59;43871757,9;29584212,96;13727062,08
24 Rio Grande do Norte;12522642,88;13775683,96;14982413,99;13984615,76;15315458,31;14674974,35;14911686,35;15091857,51;14663466,45;14558218,98;14198700,51;12533586,82;13949180,34;13731504,7;15962249,68;14080386,19;15274938,97;14429864,61;16234309,86;15610018,6;12229527,01;14799892,01;14132316,71;12878494,94;14757798,33;13559506,12;15838411,28;17440024,33;16749166,81;15541512,94;16883489,54;16138547,88;16141234,37;16161575,67;14419514,6;14117580,31;14495972,22;15446589,32;15633163,65;16870824,64;18069279,41;16234491,93;17895994,39;16240425,94;16325617,03;17078314,28;16553639,98;15860056,93;15834842,78;14775174,9;18639547,97;17463935,46;18447969,86;17784444,68;19203746,35;18481204,49;18225975,9;18262817,06;16917374,24;16633661,52;17064397,41;16627822,82;18525680,92;18417267,01;19987992,72;18196569,43;17602492,23;16553293,83;13672287,29;19082523,58;16785522,38;17241589,89;17959290,06;16133020,48;19366269,16;18231365,97;20227425,64;18861445,44;18766514,59;20028976,78;18531262,6;18122577,13;18169461,87;18118258,43;19045469,42;18254034,58;20972187,31;20717428,9;21991859,64;20909808,17;21544864,14;22624357,12;19926336,21;22290820,67;20445273,59;19382682,35;21155435,82;20770925,83;21775213,78;22206576,63;23819430,58;21613567,61;22137456,57;23073542,4;23438983,02;23086206,33;20354752,02;20140235,98;22205064,78;20518138,12;20939897,73;17606152,13;20430287,05;23001397;28590370,83;25676919,55;24800576,09;23619386,01;18618811,03;7697901,17
25 Paraíba;14904674,54;15590841,64;16414896,76;15021955,87;15643875,48;14732756,29;14671783,1;15637264,11;15357483,01;14985747,96;14989777,07;14068499,89;14501136,33;13785885,74;15448692,92;14872014,3;16622176,07;14902687,51;16058493,4;16219030,77;15374794,25;15167361,07;15129019,84;14007534,73;15554180,01;14712501,85;16418244,41;17311199,77;17479563,89;15895477,08;17264598,47;16789359,35;16477933,3;16560385,14;15699585,32;15199279,48;16369238,36;15383648,93;16333987,44;16796025,57;17357243,08;16142066,65;17118592,15;16517254;16787470,59;16734999,73;16036226,51;14780287,8;15398908,01;13525690,18;16951131,59;16461415,63;16914062,06;15818047,96;17081327,83;17065636,08;16731591,7;16508433,64;15909632,89;14394254,06;15121711,53;14570163,45;16693664,87;16535102,66;17692117,48;15780382,27;16024548,41;16828350,47;16106168,52;15429911,33;15071576,09;14408708,77;15311153,84;14348726,45;18647794,67;16710328,48;18774680,27;17436389,33;17995202,52;19351701,53;18646289,97;18245810,01;17985557,31;16388322,31;17867994,89;16830284,57;18659840,18;18830153,6;19536787,89;18668772,93;19046877,99;19889056,91;18241046,36;18933043,43;18351401,88;17457775,07;18423397,03;18238305,93;19052084,6;19990029,87;20599108,73;18616883,33;20454302,42;19863848,57;19261402,57;20237438,6;18802035,57;17366011,06;18506459,8;17316019,15;17652174,26;15598593,72;19622514,77;22664489,93;22061857,21;19274404,95;17435282,9;16250450,03;13880792,13;8942541,5
26 Pernambuco;41176053,61;38040173,56;42147954,09;41313370,23;43514730,75;40563191,68;43391782,15;45724469,45;40912831,26;42857388,2;42493766,61;40128856,85;42631694,18;39879763,09;45788004,65;43584966,63;47977373,68;43138836,28;46771999,46;49237763,12;44628398,27;47324276,07;44686685,41;43153098,13;50678715,61;43691252,74;50725828,69;52208813,88;55804451,21;52198052,34;54418891,31;57414861,05;57179434,48;57834043,27;54208889,93;52431062,39;56405663,3;53767659,08;56937725,11;56492714,44;60739518,81;56866816,85;60949418,77;61868649,19;63477384,97;61101285,28;57319089,25;55917510,18;58472165,84;54027325,56;63945784,64;61041726,15;65442335,41;60373049,71;62155694,56;60783437,96;57258128,24;59955610,88;56503708,05;54455306,78;57724872,87;55583876,71;62032178,13;59119814,14;61889405,05;61422837,21;60625835,1;65008761,49;59733247,4;60492691,26;59513747,32;59421182,43;61735375,05;56325385,38;66847752,21;63614062,64;70066621;65931228,02;66686332,96;71413570,62;63959425,56;69163981,82;63161387,39;61493033,36;66784271,34;59286551,5;66010094,38;67848816,1;71209733,04;66926561,13;67763582,78;71992572,97;63777300,61;69174532,18;64612786,62;62068147,67;67615269,4;62461656,17;64965265,15;66103159,27;72912485,38;66622768,49;71320651,96;71735983,26;70933708,21;71465705,94;68442842,51;64863296,06;69640191,25;62561346,2;59667167,21;54336926,56;66347801,46;71178435,6;73453027,81;75110482,23;72152031,19;68271824,61;58090156,36;34517552,31
27 Alagoas;11056588,96;11826444,96;13178546,52;12260249,74;13929545,92;13077770,57;12384682,24;13505516,97;12250970,37;12510919,09;11794795,34;11053272,2;12151182,51;11536047,61;13019839,94;11788484,17;13059475,04;12106325,02;12853130,25;12691505,6;12142641,64;12860470,41;12235107,81;11677594,3;12748616,09;11538711,5;13929831,86;14402311,14;14843128,3;14700061,89;15446777,61;14224278,78;14662410,51;15036685,57;13674581,11;12076711,03;19922273,36;12326390,97;13645520,42;13400953,47;14397326,03;13684981,7;14843506,14;14481399;15446004,19;15365196,67;14445440,07;13376886,78;13274867,57;12199758,61;16548372,34;14874492,31;15273214,63;14996967,34;15291175,7;14585768,59;14206904,05;14856147,85;14297047,54;13726685,97;13657665,17;13006011,79;15636976,37;14666913,83;15728442,55;15088153,62;15729568,42;16325627,2;14222780,25;14796600,93;13923196,77;13025633,74;14996124,94;13333879,77;16232587,23;15260073,74;16734816,88;15508169,95;16475134,53;16993183,55;16039891,1;16428152,87;16460836,29;15069229,61;16413833,71;14108283,71;17291774,71;18077005,49;18191826,64;16601616,44;18017803,2;18221249,82;16273547,19;18387186,62;16208984,27;14723252,84;18052738,53;16437146,09;16383367,36;16967319,09;18401780,88;16671480,61;18022804,33;17668105,59;17495759,86;18393409,21;16437847,47;15992990,55;17349331,83;15281754,69;16094497,86;14759804,74;17254073,33;18389779,41;18364275,04;16504319,16;16407975,09;16002671,3;12947494,24;6085293,34
28 Sergipe;6968224,01;6118138,09;6691472,7;6940307,06;7303909,16;6571158,61;6758626,62;7010745,78;6236863,39;6642982,53;6490917,25;6774334,41;7212872,09;6689285,5;7241289,82;6759208,52;7672774,96;7033729,91;6670113,21;6981434,92;6716706;7302294,37;6495979,81;6351967,46;7207953,06;6313899,86;7354369,34;7574311,16;7218462,89;7087563,73;6987961,76;7242863,23;7102433,26;7518507,56;6724924,91;6559904,26;7468888,42;6637162,8;7020003,05;7177930,28;7457106,46;6733743,2;6671295,58;6989490;8112680,4;7590057,9;7590459,19;6596047,21;7843092,34;7196944,68;8405314,98;8521463,9;8862222,82;7653250,31;8606222,14;8804258,42;8925787,57;8627422,05;8374171,44;6775642,7;7557370,33;8189897,18;9250036,66;8759100,78;8945155,8;9094975,37;9022040,57;7484338,2;9187980,01;8389736,81;7510959,82;7362904,21;8276586,07;7851142,77;8566628,4;8505926,22;9086764,55;8668664,29;9021660,6;8965880,62;8464509,21;8679325,84;7578998,17;7350893,95;9313556,4;7817772,09;9831536,21;8649405,83;9127323,57;9141588,81;9026038,83;9572164,12;9027721,47;10090346,14;8939051,71;8885595,93;10053403,21;9465338,97;9455876,39;10229651,99;11156849,6;9818775,39;10144599,12;10075280,52;9640019,09;9975928,44;9282433,76;9236208,13;9618010,11;9177065,26;9215977,57;8715924,8;9415099,62;10453877,84;11288266,87;11906935,45;10112179,02;7711351,69;3902341,73;2130035,66
29 Bahia;53682160,16;50670136,97;54919845,32;54324039,31;56094527,67;52211711,68;55144668,28;63014864,75;55095561,14;56919929,05;53594727,48;52884589,16;56236870,8;51303198,23;60628158,17;56054194,58;60521448,27;56236173,44;59433810,78;59215996,5;54813906,57;55997422,52;54731182,06;53991405,45;55582899,08;49629501,64;57985297,33;60189169,87;61450345,67;57608156,48;63266197,29;62286913,64;62163833,25;64729268,56;59202730,98;57277468,21;62660294,96;58834155,47;61074497,07;63254502,77;66194573,43;58217043,79;66299078,59;65818877,3;66015119,03;67823024,71;61456686,05;58530316,47;61136061,85;54957130,05;69408038,96;63117816,99;66628463,92;64203496,81;68297757,99;68367732,63;66487059,16;66313885,35;67210351,43;59462190,64;65518713,13;62769485,03;72375975,64;67426417,97;70806318,27;67059111,05;70755994,79;73472651,35;68463859,19;68140982,51;64219526,49;61669178,59;68633373,49;60422623,96;72167700,1;65666739,94;75554813,24;67489755,47;71945113,75;74161594,8;68147188,92;71759701,99;68345009,86;64802793,52;70347355,67;60861862,9;68977621,88;70895899,4;73083665,68;68387912,03;74877735,12;74697458,17;70616508,53;76593857,76;71546617,87;67581328,46;70109979,52;66836429,28;69967271,14;73294041,91;79422003,11;70572836,97;79589721,44;77871380,03;75448586,71;79054838,99;72319532,73;68645595,4;74395525,62;67783116,8;70949742,13;60130760,78;66259387,56;78562166,76;90703266,92;85229338,89;74802274,48;70032575,68;51937051,8;28294256,94
31 Minas Gerais;107762318,2;103149387,5;111077091,8;106094329,3;115487199,4;110062460,9;110096959,7;114967082,9;109760526,2;111445298,7;107455123,4;107712368,2;119748367,4;107156833,6;122168635,4;112569278,7;125672293,8;115771980,8;122012643,6;123937092,9;114792200,9;122099210,6;112211647,3;110269165,4;120425915,6;107903261,9;126136819,4;131252895,3;128908897,6;126760037,8;132088496,9;130232417,9;128840083,4;134281134,7;123888837;124208668,3;134156154,8;127951654,3;135684814,7;138386168,5;144303552,9;134143143,5;142596691,5;138788757,7;139262594,4;143690245,5;136080717,1;131246517,7;131695638,7;126054319,1;150875041,3;142602971,4;146104517,6;142895531;137939925,5;140776921,5;137733786;140162222;134382139,4;129642608,7;131130880,5;127373192,2;144111186,5;136015892,7;143187119,4;140730742,1;137010756,1;143759375,1;136162888,5;138419718,8;129528892,5;132628617,7;139068519,5;129336435,6;150297890,7;136720268,6;153430593,2;144301776,5;147543835,1;156065029,3;142290273;148323348,4;142323944,8;138355836,9;146506787,3;130724306,3;151502308,8;150696217,4;153599221,1;150258685,8;156710472,3;160480554,6;145998611,1;157275331,5;148172784;145415006,1;153218854,1;142686959,2;151966028,6;157944454;163640205;154166781,7;166768457,3;161770845,4;157434020,6;166156838,7;152160063,1;152451672,9;158249745,2;141459547,1;147636880,6;127417568,6;142728948,7;157200057,7;177228901,3;179922182,6;173098729,2;147466966,4;114656878,1;61139923,06
32 Espírito Santo;16030031,21;15811419,6;17702137,74;16397384,2;17707422,11;17618976,32;17455886,16;19188610,12;16778443,83;17491493,7;17527151,96;16297807,56;17148053,04;16786617,91;18660232,19;17052617,59;18723134,38;18137860,29;19880778,72;19375502,24;19258247,92;19200340,35;17956886,69;18264308,06;19123320,52;17941358,17;19869295,44;19890295,23;19979773,02;19406981,92;20365841,76;20876552,66;19758345,74;21145926,8;19684239,72;18868882,32;19447016,21;19411985,68;20977963,39;20372658,3;22330461,67;21090092,17;21982169,59;22804987,55;21863103,85;22522368,57;21389486,83;20805510,82;21106263,86;20051267,68;24110409,95;21302634,65;22841140,15;22570531,17;25126290,22;23284860,41;22397181,09;23697420,39;22834101,87;22484167,74;23555315,86;22336137,3;26420496,56;24355707,5;26580947,54;24891774,42;26246462,99;26136014,92;23782872,02;24716633,41;24409271,46;25304919,68;24961550,27;22510666,96;27035407,52;24900816,95;26707993,4;25313642,38;26021925,5;26797874,7;25336305,29;26875836,29;25257656,9;24276121,39;25480248,19;22686672,67;25266729,61;25975106,39;27444564,56;24444622,13;25716796,37;25498522,61;24338227,14;26158845,99;24671664,41;24683685,86;25201039,31;24710171,75;26740727,97;25983304,03;28690916,87;25936888,97;28550512,79;29315129,27;27519132,91;29788885,15;26294165,36;25250918,87;27615604,26;26601451,82;26689904,87;24003052,09;29290756,45;31958199,08;41931102,65;36347865,92;33798584,72;29923704,17;22144266,85;9361636,03
33 Rio de Janeiro;74005618,29;61132335,78;55336478,84;55812434,79;59080787,3;55205971,21;54555966,41;57983996,55;53236511,04;53048189,43;49799935,96;47982923,26;66743488,83;47271040,5;59364254,15;54026539,24;60762249,18;55999938,26;56498503,52;58536402,2;53086362,88;57971247,13;51672710,75;47834777,07;101917918,8;51188843,43;57567316,16;63690931,99;63782414,91;61664799,2;60985235,1;61563419,04;59711097,34;60853212,32;54064151,89;53139176,9;66992604,15;56541621,05;60614378,81;58597626,27;62151418,02;63675880,15;66150757,15;64974113,77;65169888,21;64019159,92;60378829,56;62292286,3;65278069,41;57671955,16;67962127,92;62421704,22;71147120;69579676,62;73724986,09;68664434,52;66645351,77;68074735,82;63522078,02;60041341,61;66250727,39;60063364,74;68760099,96;62945056,52;65538956,41;64790085,64;85033152,07;68595870,92;63534712,4;63965049,96;59535227,09;61482773,22;68128958,05;61393830,62;70328580,24;64545754,18;74432986,99;69898762,53;73191730,24;74658628,41;68777454,39;73141535,83;69337654,99;67362519,42;72419455,21;65049798,62;74412979,43;74565790,85;79357693,31;75960869,14;77552615,95;78869304,72;72863375,51;79173840,81;73997598,6;70791772,3;79592314,36;74033804,26;75024323,54;76803799,87;82595813,53;78528294,6;88123931,41;83516760,38;81487830,63;82433309,08;74733571,76;75068064,19;80259014,18;73056558,38;74514636,36;69315916,33;89697827,67;87756245,37;95412668;88905829,74;79446721,07;72081147,42;64163491,05;36905649,24
35 São Paulo;229121460,5;221633697,1;241426191,4;229878431,2;250807286,1;236866299;240252743,1;247861827,1;233342046,4;232209764;223432843,1;208331076,2;236841256,2;219438348,3;245982724,5;230989264,2;251723455,4;234353539,3;244312102,8;252237947,7;238247055;279207779;225815026;215850187,4;253242207;222517868,6;255013708,3;262684842,6;262592348,6;254060216;263116302,8;265940102,6;261862659,6;284554413,5;248074121,6;230541601,7;269632884;250428646,6;264173913,5;258838109,5;279748766;263495803,3;277961178,7;278423465,2;283796838,6;277294379,5;256224381,2;241754107,1;265733740,6;238296778,3;285476386,4;265046438,7;277023026,3;272091804,9;275725459,3;279514735,7;265557508,5;265675914,5;254616847,7;244070183,5;260519704,5;249810807,9;281521903;266871232,1;277258743,7;277955340,3;271390553;278998581,7;265902197,4;266362757,5;257195560,9;247822976,2;271044480,2;247374711,7;289079893,5;263535816,1;292167240,7;274373970,8;283593652,3;300728168,3;267328957,3;287303311,3;267202773,9;259560995;279586639,9;254131209,9;285320721,2;286303229,8;291590220,5;279027136,4;286030466,8;295568491;277640588,5;302237218,3;278207465,5;266554326,3;291560393,2;267913328,3;286514900,4;292760527,7;309062372,6;281538769,2;306997771;303085302,9;293931279;303678174,5;282642004,2;273117517,6;303335695,1;271889639,9;277652967,6;255053082,7;314107080,7;327921522;360200804,1;346393511,7;328746885,2;299430371,9;253990298,9;133423920
41 Paraná;74712784,07;71314740,25;76914668,09;74232937,37;81709021,05;74994292,81;77031532,32;80711112,15;75628247,77;77690671,56;75102797,58;69165366,12;74223959,49;72966208,62;80913123,73;78136776,81;85401506,52;77801153,85;83520690,95;83839961,03;79187989,1;84988531,01;78726146,77;71086530,43;81233604,17;73976801,67;83934466,1;91658827,98;87747363,52;87786257,32;91300166,5;92866583,49;88693116,77;92453504,76;82386029,99;76977284,36;85535913,11;82974333,96;88169286,83;86569842,99;92568324,61;87767355,12;94614066,92;91494121,19;91343045,75;94904373,35;87565870,66;80303279,43;83539116,38;79573523,24;97763853,1;89986375,42;94201517,78;94110693,24;97516822,03;99118332,19;95940894,73;98263485,47;98791984,5;88996075,82;93324149,08;91925876,55;106199139,2;100621969,1;105829987,4;107370488,6;106307121,1;111180454,8;104105124,2;105530148,7;101123001,4;96708761,1;103855271,3;96464284,1;119141493,8;106027687,8;120535313;111725261,2;118590172,1;122122835,7;110693356,8;117567691,9;112457522,9;105558123,3;116133193,5;107075982,2;122331354,5;124731345,2;127079168,7;122616924;127991900,8;131257163,4;120647377,4;129530164;121810669,3;112984630,7;124159239,7;117715473,3;123907372,2;127457086,4;132598646,2;124865873,1;134671579,3;127174382;126196560,6;133870601,7;126221140,8;113567570,4;122323464,5;116125333,6;114767474,4;97736536,94;110975803,2;114971306,7;122929748,5;123453952,4;115051404,9;105314547,7;87548304,54;38510398,07
42 Santa Catarina;38839715,96;37219889,13;40786024,82;39123310,67;42630366,4;40945034,7;41805441,93;43011356,98;39879850,08;41062664,17;39076312,01;36818905,1;40494709,22;39174120,19;43074967,64;42577810,89;45915072,24;43110346,34;45055116,54;47248755,27;43236537,09;44686038,31;41191360,3;36935634,65;44881453,22;40454271,52;45613749,07;49013885,77;49004083,28;49083840,68;51627615,59;50202084,87;49990155,94;53214132,41;49771808,92;43440545,24;48166313,29;46187402,07;50680195,98;50133286,13;52070410,11;52660305,56;56215596,89;55329033,03;54800407,7;53963254,37;50787429,72;48017383,37;50090255,4;45512685,67;54932727,55;51985407,87;54968168,8;54729577,58;57327402,22;55392040,22;55516669,08;55685228,09;55064655,49;48138682,73;53223901,51;50972656,41;57604606,18;55325830,51;58535246,51;61295648,94;64339296,5;58646216,56;56247585,51;56509278,64;53316385,23;49127732,68;52421135,68;50134177,82;58977072,55;54104976,28;60205318,17;58296066,5;58367279,09;60181080,42;55168339,49;56655278,59;56074309,58;52426527,16;55212911,96;50094672,65;58814072,13;61161248,27;60098664,96;61237932,18;63709506,55;63072380,25;59360076,42;63985909,98;61563865,79;53917946,9;59452473,88;57180039,89;61547622,6;62775542,57;65831988,46;61828710,72;68759673,19;64503540,72;66093964,52;67767791,67;62660639,01;58332509,26;64673629,46;59780160,38;56955630,53;51394711,85;58095206,08;63110521,83;79292737,11;74741479,32;65629624,51;59188536,75;46484285,49;17124807,18
43 Rio Grande do Sul;66918913,09;61370763,6;69004974,8;66225068,29;72172669,74;70770992,38;70835358,17;73674390,94;68345974,5;70411134,32;68008922,1;65692039,28;71523795,74;64135041,24;73623568,14;69010258,19;76607693;74785423,89;76916947,25;78758125,55;69413475,17;77155562,05;69590896,9;67267196,31;78346443,99;66867562,81;76562940,15;82705691,47;82855387,3;80638411,68;87456538,74;84526389,95;81983921,89;87452330,1;82653691,49;77636567,05;83655725,66;75584443,38;82965053,06;83591917,31;87821405,54;85176008,81;90592156,29;89980046,86;90635544,74;93416548,53;86546826,85;81253607,98;85251478,27;75244263,84;95207075,63;86942229,17;91888536,34;90007690,88;92603617,28;90473944,46;87347767,93;87834001,13;86439585,98;80721707,52;85435165,82;79211931,13;89817937,75;85297352,28;91261106,84;91310016,17;90988329,52;93715417,41;86872326,19;87089975,07;81919639,76;81599478,03;87255987,99;76070420,2;93116698;83188379,66;95149948,63;93172414,99;94415257,59;94228158,01;86424773,65;91598179,14;85793700,48;82737574,48;91825671,54;77582012,38;91078325,19;91926773,8;91678131,98;90989887,85;94861008,1;96799643,23;87344269,09;97371100,06;90190767,67;81748880,3;92467100,02;85301000,44;91624338,7;92787953,22;99138993,77;95856649,01;103039417,9;98558726,48;94371567,58;96959162,76;91001359,39;88757686,45;97591297,78;85488519,32;84870302,39;76781358,05;87672229,28;96579257,6;108262286,2;110930024,9;107842649,6;102605590,2;81805638,23;29435091,82
50 Mato Grosso do Sul;11894027,89;11691745,82;13243933,73;12611967,81;13435139,24;12995272,5;13187128,48;12775178,56;12413572,78;12264289,91;12363566,12;11847750,53;12708242,94;12258350,15;14182591,88;12695741,9;14762600,11;12975434,65;14392056,82;14219267,16;13022123,35;14005248,97;13038497,92;11881218,15;13730382,17;12661202,29;13981801,71;14908567;13990063,33;14034238,59;14489842,07;14317099,43;14966682,5;15077394,04;14313501,17;13360775,96;14476457,54;13378691,64;14784850,66;14236961,4;16186722;14707272,2;15417812,14;15662494,1;15341501,78;15480496,35;14624058,44;13751928,71;14710586,61;13508328,95;16604367,15;15157091,25;15502849,68;15934364,42;16527263,93;15862246,77;15302118,92;15402132,94;14072639,15;14393171,71;15403297,01;15083598,31;16639323,85;15795236,63;17030861,02;16882187,6;16414064,06;16501941,24;16560277,08;15450100,36;15362815,06;14780996,5;16560677,33;14502733,75;17888222,97;15646601,91;18212081,17;16323017,6;16892566,36;17019787,73;15808304,19;16071645,95;15687000,65;15040368,93;16146431,63;14703494,87;16969878,14;17062906,92;17068192,56;17143032,3;17435039,9;18239321,45;16963131,37;17677185,62;16363926,26;16149109,15;16902636,63;16964922,58;17259392,23;18147562,63;19143242,28;17905638,97;18126954,44;19217982,14;18904364,43;18812185,96;18316480,8;17844511,04;18653499,98;17778713,83;17395566,03;15840122,8;17502042,14;19724932,28;23439324,43;22006408,61;19223080,74;15560699,31;10007099,28;2573368,31
51 Mato Grosso;11689015,87;10872461,88;12323295,29;11875884,32;12160036,15;11896466,92;11906914,01;12516431,55;11997454,95;12373709,66;12035040,67;11176334,25;11610941,96;11145146,92;13092059,07;12644904,77;13741937,46;12133022,98;13413397,53;12803915,37;12326096,33;12975315,73;12099723,62;11701936,75;12927077,68;11344659,97;13628326,37;13339717,57;13550755,07;13047614,48;12692112,31;13552226,24;12948758,03;14073754,39;13302924,19;12034350,69;13117006;12804374,54;14254604,83;14038170,78;14599236,3;13846204,38;14709530,15;13939134,36;13644617,9;14958564,62;13680626,69;12811566,48;13436951,56;12774769,97;15503274,19;14768137,25;15456624,27;14043844,09;15301276,96;14906771,53;14146225,75;14840947,44;14826046,63;14027102,89;14522409,72;14414918,94;16099384,26;15275703,67;15958963,89;15586368,03;15184179,55;16209122,59;15013671,23;15111332,72;13414332,43;13606690,44;14814707,16;13946471,26;16437915,6;15835149,88;16543674,21;16194037,75;16508402,55;16749377,27;15416292,84;16251545,59;14659894,99;14473688,3;15578896,35;14592428,67;17252931,32;15921801,14;16732272,17;16075073,71;16479008,11;16011187,69;15357273,96;16834151,93;15474405,82;14234942,3;15055383,98;14478906,98;15976701,25;16026760,63;17304334,81;16131820,19;16467803,96;16532335,42;15596133,69;16564324,2;15122951,39;13839763,36;15546808,82;14460455,16;14493916,52;12187688,07;14675991,52;18546814,06;20607616,79;20821166,83;19837310,49;17852444,48;13324830,22;7761853,18
52 Goiás;25579158,99;25471498,82;29974253,43;26873816,69;27686544,09;26403306,55;26844970,28;28867593,87;27706166,74;28825155,53;26661181,92;24578961,48;27684351,19;26656094,2;29594030,58;28050514,09;27532690,46;27783438,93;26725240,89;30368087,3;28019404,58;29376770,54;27079220,58;25639531,59;29457781,97;27694012,3;31502546,66;33905553,77;31961879,63;30693306,71;30712690,35;32848134,94;32803709,69;32718708,62;30995511,82;29448208,14;31991601,57;30186539,06;30974989,77;33682785,7;34131959,94;32480092,98;33303551,27;34444400,16;35797555,91;35382520,84;34397189,06;32890899,21;33007277,66;32000428,17;38262453,52;35120667,23;35872361,41;34561023,95;35980988;35717346,81;36161032,9;35272066,2;33696108,69;32471637,93;33040226,2;32743169,39;36436974,95;33475476,51;34410079,1;35572622,55;32772724,19;35861143,88;33990903,02;32728509,18;31351974,33;30963861,86;34034592,32;30933168,08;37554352,03;33650654,21;37001970,44;33674984,14;33967314,82;36908767,92;32740102,01;35630670,97;32563660,45;32392527,48;33752739,49;30943067,14;34880861,01;33784973,14;36405635,27;33521698,38;35373522,06;35398131,94;33802396,1;36041139,94;34891191,2;34078870,98;34795831,02;33288651,65;34960505,3;36227312,18;37805294,1;35392056,67;36493635,71;38492829,53;36391259,82;37213125;36288910,6;34074638,34;36405814,57;34237321,4;34798688,78;28760754,83;35094285,36;38867661,62;45568961,39;46663535,94;43165383,72;38774775,72;31946902,01;17495055,06
53 Distrito Federal;14611655,44;13510243,87;15156900,72;14830081,29;15039803,35;14533593,49;14152277,74;16203282,14;15545333,16;14984401,72;14517639,25;13660139,57;15243410,25;14058287,03;15756452,46;15264669,96;15568002,78;15122475,44;15049839,46;15498554,36;15242942,8;15813900,69;13666331,64;13168229,45;14102841,97;14463584,48;16204274,68;16661208,89;17035456,9;15936938,2;15619909,98;17207426,4;15938775,37;16919100,74;14950906,68;14385540,52;15347265,06;14538398,24;17060470,32;17181599,31;17255231,12;16249619,64;15587215,18;14954610,88;14309931,08;13765945,14;14020609,04;13730781,49;12285863,67;11946457,93;16993513,09;15989400,75;15248158,43;15169933,4;14584933,45;15253710,89;15831816,05;14370562,76;14396328,33;14069268,82;15556487,41;15629798,61;16692761,3;15922076,67;17503631,22;17529009,97;16547854,94;17770626,7;16588931,42;17420879,75;16551981,73;16108634,74;18097764,83;15392273,58;18699348,69;16523664,46;15531998,6;18573610,32;17541378,12;19143091,84;17949844,52;18200213,74;17409701,46;16038710,79;18976846,56;18389240,38;19746542,97;19508159,58;19463161,26;18400388,35;18783802,78;20291741,3;19388061,07;19677470,12;18397893,23;17564774,75;19662949,33;18270823,61;20046081,24;20602037,52;21101108,01;19361819,39;21514926,74;21133361,51;20963621,6;21333585,2;19617400,92;19207148,01;20429067,27;18249176,79;19611223,18;18164306,94;21639369,32;25039636,14;26275033,55;23622833,91;21152926,43;20500543,15;15285253,8;9767544,38
