Ano de atendimento;Mes atendimento;0101 Ações coletivas/individuais em saúde;0201 Coleta de material;0202 Diagnóstico em laboratório clínico;0203 Diagnóstico por anatomia patológica e citopatologia;0204 Diagnóstico por radiologia;0205 Diagnóstico por ultrasonografia;0206 Diagnóstico por tomografia;0207 Diagnóstico por ressonância magnética;0208 Diagnóstico por medicina nuclear in vivo;0209 Diagnóstico por endoscopia;0210 Diagnóstico por radiologia intervencionista;0211 Métodos diagnósticos em especialidades;0212 Diagnóstico e procedimentos especiais em hemoterapia;0214 Diagnóstico por teste rápido;0301 Consultas / Atendimentos / Acompanhamentos;0302 Fisioterapia;0303 Tratamentos clínicos (outras especialidades);0304 Tratamento em oncologia;0305 Tratamento em nefrologia;0306 Hemoterapia;0307 Tratamentos odontológicos;0308 Tratamento de lesões, envenenamentos e outros, decorrentes de causas externas;0309 Terapias especializadas;0310 Parto e nascimento;0401 Pequenas cirurgias e cirurgias de pele, tecido subcutâneo e mucosa;0402 Cirurgia de glândulas endócrinas;0403 Cirurgia do sistema nervoso central e periférico;0404 Cirurgia das vias aéreas superiores, da face, da cabeça e do pescoço;0405 Cirurgia do aparelho da visão;0406 Cirurgia do aparelho circulatório;0407 Cirurgia do aparelho digestivo, orgãos anexos e parede abdominal;0408 Cirurgia do sistema osteomuscular;0409 Cirurgia do aparelho geniturinário;0410 Cirurgia de mama;0411 Cirurgia obstétrica;0412 Cirurgia torácica;0413 Cirurgia reparadora;0414 Bucomaxilofacial;0415 Outras cirurgias;0416 Cirurgia em oncologia;0418 Cirurgia em nefrologia;0501 Coleta e exames para fins de doação de orgãos, tecidos e células e de transplante;0502 Avaliação de morte encefálica;0503 Ações relacionadas à doação de orgãos e tecidos para transplante;0504 Processamento de tecidos para transplante;0505 Transplante de orgãos, tecidos e células;0506 Acompanhamento e intercorrências no pré e póstransplante;0603 Medicamentos de âmbito hospitalar e urgência;0702 Órteses, próteses e materiais especiais relacionados ao ato cirúrgico;0801 Ações relacionadas ao estabelecimento;0802 Ações relacionadas ao atendimento
2008;jan;3;497;1800060;22303;93852;22365;14107;558;370;3484;612;74940;45479;9217;2020394;438518;10656163;3576;8181;52955;;1942;35307;17146;24292;195;1784;3804;979;5038;12279;13055;8959;778;14131;1138;990;610;2115;1803;58;605;108;721;3;432;566;20621;27565;16500;293120
2008;fev;;540;1673658;22043;86068;21839;13521;540;480;3286;635;72481;43727;9551;1133277;122939;189487;3278;7678;49298;;1833;39631;17174;13532;223;1752;4054;1042;4775;12363;12793;9387;795;14167;1223;1016;583;2013;1704;76;627;96;679;1;455;537;22260;25713;16738;291201
2008;mar;;625;1936440;24762;104524;24846;14823;652;430;3681;685;81076;49827;10457;1093616;147107;125341;3501;8002;57446;;1950;36229;19403;14637;280;1827;4326;1193;5444;14057;13712;10691;997;15350;1384;1130;672;2137;2088;64;641;99;698;5;468;593;24635;27635;18563;343317
2008;abr;;669;2015181;25157;106879;23636;15113;765;412;3676;734;81647;48047;9876;1182648;155793;131729;3483;7728;54383;;1798;39982;18781;13893;262;1942;4470;1205;5392;13673;13557;10675;1015;14992;1349;1117;765;2167;2030;81;704;100;777;5;492;602;26418;27979;17367;358013
2008;mai;;727;2127411;24899;113751;24646;16035;821;493;3885;826;86266;48190;10417;1197404;178620;124368;3533;8054;56017;;1794;45140;19640;17563;254;1957;4225;1022;5184;13554;13852;9958;969;15134;1396;1126;687;2211;1888;111;696;106;777;3;419;599;29948;28207;17302;369294
2008;jun;;799;2022829;26704;112274;25280;16388;1028;571;3911;941;85329;47029;9767;1122420;183668;122985;3644;8462;56249;;1866;45137;18101;15409;314;2079;4903;1261;5693;14697;14687;11168;1138;14488;1519;1256;773;2190;2280;110;783;109;842;6;570;578;28213;31047;16350;369266
2008;jul;;894;2101631;25886;117739;26397;17279;1002;564;3992;936;87876;49451;9742;1147234;191661;129755;3885;8203;59093;;1905;48709;17581;23315;287;2099;4973;1322;5864;14351;15044;10846;1153;14883;1591;1282;701;1878;2183;87;870;90;881;13;598;636;31666;31206;16076;383594
2008;ago;;1068;2032697;26008;116964;27528;17522;1050;519;3975;845;86842;49673;9422;1098251;188610;147466;3669;7680;55255;;1980;47718;16978;22303;308;2109;5057;1589;5733;14925;14850;11162;1113;14416;1488;1266;702;1156;2189;96;818;109;892;11;560;614;33106;31755;16329;375018
2008;set;;1083;1880670;24792;111893;27001;16781;1052;493;4049;1040;85785;48236;9522;1089998;189231;147229;3649;7864;53301;;2052;47230;17046;24874;334;1982;5141;1756;5866;15043;14748;12084;1194;14934;1461;1245;704;839;2093;110;908;101;807;9;501;667;34401;30218;16625;364597
2008;out;;1113;2000769;26206;118216;27879;16925;1073;470;3870;961;84604;50386;9764;1130194;204012;154038;3627;8417;56464;;2221;51434;16335;30713;296;1969;5309;1939;5948;14995;15411;12066;1166;14473;1596;1277;727;863;2146;103;1055;120;985;7;606;700;39057;30760;15874;387037
2008;nov;;1012;1851443;23033;107482;25653;15751;1053;441;3531;787;76576;43454;9376;944962;175492;234980;3529;7464;48681;;2182;46132;15559;29057;262;1888;4663;1881;5326;13506;13877;10683;1029;13074;1323;1035;674;781;1914;80;1027;103;831;14;581;677;37627;27670;14924;349614
2008;dez;;961;1847831;19077;104820;23787;15463;969;357;3011;611;73754;42481;10825;901850;169852;106942;3275;7816;49271;;2227;49799;16857;29180;187;1797;3604;1313;4274;11691;13604;8439;835;14019;1357;1042;704;749;1379;93;1057;113;487;6;503;699;41524;24049;15204;339290
2009;jan;;1195;2028111;23449;108018;29030;17845;1334;616;3921;799;84143;46893;11437;954617;195317;137767;3806;8871;56541;;2227;56882;17685;35375;231;1901;3708;1342;5305;12553;13861;9388;976;14620;1408;1013;616;859;1776;94;1126;118;523;15;529;725;40496;28296;16763;368776
2009;fev;;1108;1851434;21939;98487;26802;16448;1129;451;3645;674;77396;42043;11602;914740;179730;113048;3384;8154;49452;;2103;48957;17502;37428;261;1857;3704;1574;4851;12251;12940;9149;907;14145;1346;1024;639;857;1645;76;1011;107;489;10;485;609;34958;26627;15856;344700
2009;mar;;1476;2255571;28029;122884;32474;19747;1449;663;4577;855;92223;50317;13367;1169542;230459;143458;4194;9770;58339;;2373;60402;19700;44153;335;2224;5022;2073;6471;15680;15559;11823;1226;16297;1702;1276;791;1030;2338;121;1247;121;534;12;554;745;44782;32704;17803;420683
2009;abr;;1408;2134788;24288;123968;29457;18500;1260;553;4283;838;87230;47612;13227;1249970;240121;216876;3824;8806;54895;;2296;58995;18983;39979;270;2028;4398;1704;5671;14143;14336;10481;1060;15339;1566;1154;740;928;1882;93;1188;163;598;14;448;705;41236;30834;16716;417416
2009;mai;1;1471;2258435;27423;130523;32126;20659;1443;558;4839;831;92695;49935;13561;1263882;259963;138541;3876;8948;59393;;2311;63028;18373;43070;286;2297;4762;1948;6206;15265;15414;11297;1216;15183;2757;1125;794;964;2384;115;1210;132;649;17;462;734;41290;31732;17909;423592
2009;jun;;1419;2236349;26187;130425;30629;20616;1321;510;4686;981;94009;49625;13334;1234342;258026;132271;3941;9016;55986;;2176;63913;17570;40770;284;2202;4462;2008;6279;15183;15415;11580;1170;14759;1817;1126;747;1001;2373;141;1204;142;666;21;431;700;44621;33237;16608;424968
2009;jul;;1433;2345109;27604;140171;32307;21078;1378;539;5196;1014;94027;55300;12984;1318909;269586;128844;4186;9439;61922;;2268;67255;17290;37794;285;2139;4946;2014;6271;14370;15437;11597;1233;15210;1734;1190;736;1048;2407;145;1390;136;630;12;437;814;45937;32503;16399;436735
2009;ago;;1606;2371390;29821;147500;32939;22135;1572;530;5013;1002;92349;50535;13110;1259713;276121;120785;4158;8714;58180;;2249;69625;17044;39344;302;2383;5088;1884;6493;15362;15820;12285;1219;15048;1810;1334;757;1167;2736;140;1391;112;564;18;376;840;46133;32436;16337;426215
2009;set;;1653;2338276;29691;138800;32530;20602;1466;522;4861;913;92387;51049;13510;1204553;264636;147761;4204;9091;59350;;2391;66524;17672;39661;278;2270;5055;2224;6216;15569;15361;12188;1182;15689;1733;1284;755;1185;2649;154;1410;136;575;20;438;779;46806;31697;17313;414437
2009;out;;1625;2380217;29495;139794;32630;21727;1545;533;4987;1019;94597;51561;12316;1176598;275420;123959;4181;9412;57406;;2655;68168;16282;40650;315;2335;5032;2051;6385;15705;15627;11815;1106;14892;1738;1353;757;1176;2427;131;1402;150;648;21;438;799;50454;34089;16118;430829
2009;nov;;1539;2229803;29008;129617;32063;21105;1392;562;4771;852;87554;50831;11954;1087789;265107;185189;4316;9336;55442;;2774;64166;15335;36581;288;2254;4687;1993;5956;15262;15260;11238;1071;13527;1622;1332;679;1175;2464;123;1297;119;582;18;385;813;48134;31005;15399;402448
2009;dez;;1185;2101111;23352;121484;29248;20510;1294;383;3908;779;85100;47669;13400;1020751;242702;126031;4068;8415;53212;;2780;63801;15734;35514;183;2065;3763;1377;5027;12646;13843;9342;881;14152;1551;1206;671;1082;1958;121;1114;109;491;18;300;747;42854;28404;15103;378970
2010;jan;;1487;2344680;27118;131823;34358;22957;1597;553;4941;855;93513;53003;14108;1109544;272322;143649;4580;10249;58400;;2817;73278;18176;42108;253;2155;4064;1535;5912;13869;14466;10295;1060;15444;1685;1260;608;1202;2470;150;1336;123;587;28;425;790;53900;30377;16501;426243
2010;fev;;1859;2135373;25653;122540;31198;20971;1502;565;4532;839;87837;48582;13601;1026708;240483;114513;3871;9209;55412;;2637;61118;17586;36466;274;2108;4132;1634;5820;13686;13766;10015;998;14370;1553;1266;636;1177;2270;102;1300;139;564;21;402;728;47840;31796;17045;390633
2010;mar;;1829;2482122;32741;147982;36964;24228;1785;631;5426;994;101317;55855;15296;1328918;300854;167805;4857;10538;61922;;2780;69578;19847;40096;393;2573;5560;2230;7313;17128;16398;13583;1380;16109;1924;1543;811;1398;2975;132;1548;163;727;30;521;873;59930;37592;20616;462465
2010;abr;;1550;2406423;28547;144903;34223;23893;1596;621;5272;901;94077;54610;14244;1355737;299398;136816;4368;9582;59659;;2593;65284;17971;45673;292;2345;4611;2154;6543;15324;15170;11522;1116;15200;1878;1302;729;1243;2509;122;1558;141;651;18;431;860;62887;36911;18829;451577
2010;mai;;1608;2503729;30590;151353;34797;24805;1806;642;5372;1018;101465;54575;14556;1341710;314779;177519;4349;9956;58989;3;2794;65100;18744;48031;345;2537;4856;2313;7036;16570;16925;12970;1272;15434;1946;1358;814;1426;2688;113;1687;135;606;28;401;890;59170;40041;20159;455454
2010;jun;;1562;2490197;28949;147412;33429;23912;1702;642;5100;1082;100836;53738;14664;1311075;310967;171675;4245;10025;55967;;2706;65339;17707;50679;288;2342;4329;2106;6735;14879;15355;11901;1176;14705;1839;1229;716;1315;2426;134;1651;160;723;20;415;865;58256;37942;18196;442260
2010;jul;6;1522;2513920;28181;147703;33564;24758;1818;626;5317;1181;99634;53365;14013;1302515;293265;160428;4338;10216;56443;20;2747;65820;17339;51878;299;2382;4684;2526;6787;15213;15919;11657;1029;15036;2071;1432;792;1344;2499;130;1687;155;636;6;401;866;57628;35791;18063;444489
2010;ago;4;1480;2616286;32393;152500;35813;25465;1767;630;5620;1207;104245;57181;13307;1359082;301142;354371;4498;10948;59377;29;2882;68864;16069;56401;330;2572;5115;2420;7227;17127;17071;13742;1261;14924;2181;1459;894;1414;3012;170;1784;153;631;8;380;918;56580;41085;17807;457563
2010;set;6;1512;2506558;29398;145715;34238;25242;1797;540;5397;1043;97414;56202;13022;1274380;287940;203676;4324;10642;56986;61;2835;68601;16428;51773;324;2243;4706;2107;6800;15359;15787;12102;1088;14463;2110;1277;887;1302;2567;141;1689;145;573;13;365;833;54745;36610;17896;444456
2010;out;1;1594;2520934;29085;139230;33802;24711;1823;653;5191;1194;97906;52387;12586;1274100;280550;375848;4182;10586;55382;60;3022;69710;15509;53028;266;2357;4592;2356;6617;15476;15721;11888;994;14344;2004;1169;727;1312;2486;168;1740;168;614;16;443;840;57336;37501;16365;447437
2010;nov;11;1626;2488104;30026;136906;33547;24627;2074;666;5368;1142;96450;52852;12456;1200821;281953;270237;4581;10339;55014;73;3094;63863;15395;53747;297;2200;4138;2376;6582;15528;16004;12539;1031;14122;1935;1238;809;1300;2607;154;1581;136;490;15;425;860;51239;36876;16497;423617
2010;dez;2;1439;2417645;26390;131076;31961;24073;1659;541;4878;854;92799;49408;13482;1152639;270384;174527;4505;10501;51536;95;3067;66340;16744;53843;244;2209;3885;1775;5614;13570;15339;10067;846;14801;2721;1184;723;1292;2137;165;1667;153;468;5;380;890;56429;33630;16856;401658
2011;jan;1;1734;2619358;30045;136243;36385;26020;2136;664;5292;1037;103998;56975;14711;1216787;284853;225894;5040;11211;58750;22;3211;68446;18470;55212;280;2376;4647;1816;6434;14731;15410;11209;1119;15390;2393;1255;431;1440;2637;183;1707;128;506;6;406;989;58822;36642;19272;442980
2011;fev;7;1629;2408123;30260;128967;34203;25352;1947;683;5212;1067;99530;53340;13795;1184326;273398;188776;5056;10061;55901;74;2983;68889;17948;51975;365;2403;5201;2234;6670;15461;15167;12089;1102;14602;2950;1247;368;1357;2724;143;1690;105;495;8;377;1097;55116;37943;19003;418150
2011;mar;2;1782;2718748;30710;148429;36426;27299;2134;668;5501;1082;109678;57877;15734;1401562;301921;227375;6519;11605;60644;63;3133;71804;20286;50944;309;2438;5365;2422;6972;16237;16137;12247;1095;16769;2765;1313;274;1457;2760;188;1710;99;497;6;433;3024;60750;39474;21116;470695
2011;abr;17;1515;2535443;27875;146540;33503;26379;1977;624;5165;1030;99950;54055;14774;1403680;296958;296718;8315;11432;57270;98;3210;67073;18337;47632;305;2373;4915;2263;6676;14803;15096;11155;993;15606;3179;1243;197;1317;2501;152;1747;126;543;7;429;5442;59106;37921;18780;446143
2011;mai;36;1857;2683619;32859;156358;38899;28888;2234;870;6118;1300;108805;57996;15296;1420660;332007;334345;10546;12244;60267;148;3239;76578;18945;56938;373;2526;5732;2772;7684;17074;17272;13106;1294;16398;3051;1351;255;1457;3024;167;1993;109;543;21;417;8422;62682;46397;20797;458361
2011;jun;17;1696;2577056;29372;149839;34624;27248;2052;658;5315;1188;102592;52359;14450;1410040;310916;391262;9977;11834;53293;116;3041;74224;17472;50237;281;2356;5210;2373;7057;15388;16246;11985;1046;14998;3132;1197;291;1384;2643;178;1948;133;566;21;421;7735;61512;41909;18812;440727
2011;jul;2;1751;2707397;30278;158484;36860;29802;2404;816;5546;1200;104827;56029;15053;1393806;319980;363214;10307;12674;57865;107;3197;76969;17391;52033;331;2431;5171;2431;6973;15585;16692;11768;1093;15219;2678;1413;232;1385;2635;211;1915;147;598;22;495;8040;61751;41381;19055;447747
2011;ago;19;1948;2814474;34410;158387;38774;30234;2422;852;6228;1333;107472;59246;14766;1442309;333682;377091;11299;13760;61129;226;3162;78930;16663;56874;342;2555;5820;2604;7616;17391;17736;13658;1286;15310;3033;1446;267;1558;2988;203;1860;151;601;16;448;8464;57655;45251;18246;473309
2011;set;33;1819;2618588;31445;147984;35833;28524;2237;794;5636;1232;101083;54600;14040;1381660;313651;366381;10194;13020;55374;109;3201;77206;15284;58719;297;2383;4939;2368;6969;15554;16357;12102;1103;14508;2796;1377;239;1484;2732;213;1736;88;517;6;420;8004;57572;41021;14809;448476
2011;out;31;1732;2662694;32502;148510;36368;29094;2382;732;5646;1082;100137;54760;14270;1390573;306985;341462;10745;12112;55039;166;3358;75967;14777;59074;322;2530;5312;2466;6347;16220;16582;12186;1076;14350;3213;1286;227;1385;2796;199;1895;106;570;18;474;8651;60470;40187;15497;452087
2011;nov;20;1765;2574207;30832;140348;35359;27231;2214;733;5398;1133;96213;52561;13850;1286355;307197;318811;10241;11955;53815;325;3135;75626;14363;57998;302;2436;5111;2299;6228;15500;15812;11342;1066;13974;2623;1293;222;1432;2590;156;1685;109;542;8;416;7938;58628;40000;15024;439570
2011;dez;20;1530;2482383;28230;138537;33439;27250;2017;589;5129;923;91531;52610;15028;1187462;289413;315651;10272;11378;52489;274;3255;71569;15546;56735;250;2330;4303;1701;5399;13942;15215;9636;875;14633;3417;1239;190;1391;2247;163;1507;105;522;17;332;7129;56211;38282;15638;397959
2012;jan;26;1909;2752266;33749;151661;39556;31158;2675;905;6037;1196;103171;61283;16134;1224862;314921;337929;12136;13135;62109;164;3330;78752;16969;59158;327;2411;4840;2066;6732;15867;16008;11184;1117;15405;3199;1267;186;1534;2961;190;1778;128;641;24;442;7671;68821;43812;17993;444294
2012;fev;17;1624;2522187;30200;141667;35483;29222;2194;775;5354;1019;97299;55457;16384;1218807;292341;307313;11119;12165;54311;208;3293;71020;17430;56122;301;2214;4701;2184;6236;14390;14866;10626;1015;15238;2680;1130;201;1507;2655;170;1694;110;578;17;401;7254;60880;39323;17042;419211
2012;mar;25;2140;2809952;36047;157273;39371;31180;2616;900;6160;1240;108916;59074;18713;1467738;338314;323993;12349;12892;58231;285;3493;80527;19357;61419;377;2601;5544;2788;7108;16935;16995;12299;1166;17345;3450;1326;289;1619;2898;143;2007;100;513;20;457;8334;64551;43583;20432;482406
2012;abr;3;1926;2642059;33315;153928;35680;29287;2322;753;5762;930;102048;56897;16989;1458712;334654;305970;11154;11689;56354;369;3192;79692;17613;57956;324;2299;4933;2451;6601;15190;15276;11166;1081;15746;2844;1153;278;1468;2836;160;1729;96;499;5;414;7184;57174;39805;18124;469793
2012;mai;25;1939;2893654;37270;167230;38879;31871;2617;884;6139;1139;111523;61807;17535;1628804;374381;313015;12042;13417;59401;224;3306;82504;17887;62447;368;2482;5525;2751;7481;17042;17002;12538;1290;16522;3895;1273;245;1548;3283;142;1763;107;572;19;430;8007;59099;45117;19150;509292
2012;jun;3;1766;2747789;31959;159737;35923;30178;2321;743;5633;1085;102508;59287;15999;1527081;342203;352535;10625;11459;57767;156;2980;85438;16513;59050;302;2461;4730;2410;6730;15315;15588;11066;1048;15160;4253;1083;211;1517;2725;126;1620;92;493;18;334;7381;53635;40177;17102;477783
2012;jul;1;1905;2852778;33284;165578;37553;32300;2606;876;6204;1069;107133;60457;16732;1495463;344226;325881;11668;12082;58245;278;3126;81467;16465;60869;312;2495;5187;2844;7059;15922;16866;11642;1138;15839;5753;1267;192;1550;2970;154;1703;93;491;12;418;7406;54889;46230;18019;483123
2012;ago;1;1970;2902922;35234;163332;39323;31819;2679;855;6252;1164;108045;62733;17264;1444148;351002;321145;11606;12437;60449;280;3361;84304;15936;65069;339;2711;5740;3029;7611;17460;17524;13069;1250;15914;5289;1298;296;1676;3127;198;1810;111;591;28;418;7636;60141;49061;17625;482440
2012;set;;1985;2809558;32780;154930;36513;31225;2291;820;5938;1102;101124;59218;22238;1332421;340448;296207;11023;11989;55497;200;3196;80020;16041;62566;308;2468;4940;2570;6910;15919;16175;11852;1141;15202;6256;1135;254;1564;2864;233;1638;96;523;15;407;7118;56315;42984;17495;457194
2012;out;17;2319;2983771;34800;159704;39528;33621;2621;853;6520;1144;108206;60644;25784;1753189;360456;677863;12347;13033;56879;265;3499;129146;16005;71820;338;2634;5640;3040;7510;16948;17024;12666;1271;15777;5840;1265;286;1778;3122;254;1861;79;475;29;397;8426;59259;46123;17287;495388
2012;nov;24;1789;2710226;30158;144142;35106;30238;2297;691;5497;974;96769;55595;28066;1234941;321511;291536;11055;12186;53364;180;3200;78582;14585;59193;297;2329;4445;2354;6281;14935;14982;10648;976;14467;4963;1143;233;1528;2663;252;1894;88;490;16;386;7829;56207;38257;15118;445264
2012;dez;2;1624;2594020;26471;137466;33660;29622;2098;603;4954;903;90319;53895;39004;1172516;293998;284325;10493;11582;52775;111;3339;74474;15759;54976;246;2166;4084;2120;5425;13331;14528;8692;808;14517;2969;1157;182;1512;2135;308;1711;87;442;16;310;7719;53701;34573;15745;417368
2013;jan;7;2239;2924477;31689;149364;38771;33107;2711;990;5989;1133;104552;61648;54261;1358455;346414;376261;12827;13196;58764;102;3350;89105;16762;65389;273;2471;4694;2306;6559;15232;16218;10334;955;15993;4114;1069;241;1773;2937;322;2139;119;599;27;362;8524;58043;40862;18155;462766
2013;fev;37;2076;2560833;28463;132807;35032;28384;2202;763;5326;915;95241;54546;55998;1197861;300094;308561;11037;12200;51592;303;3111;71828;16329;57614;227;2192;4273;2255;5903;13710;14016;9402;886;15116;3592;994;213;1547;2591;285;1804;73;435;23;333;7425;53821;35708;16595;415360
2013;mar;12;2087;2930275;32200;156406;38215;33057;2500;830;6188;1154;106679;61345;64034;1421086;348054;310295;11834;13546;60148;274;3405;81884;17684;67530;315;2530;4874;2669;6703;15954;15782;11215;965;16165;4421;1118;336;1707;3201;364;2078;105;656;41;420;8176;64166;38942;18384;476911
2013;abr;10;2370;3007892;35033;165458;38357;32776;2517;892;6047;1195;107857;60608;67267;1604381;344186;288360;12309;13123;58337;287;3258;85911;17570;69410;332;2555;5300;3160;7258;16825;16069;11898;1023;16585;3694;1150;268;1760;3487;365;2019;119;706;21;456;8721;61423;42905;18575;495079
2013;mai;41;2274;3038366;33328;166201;38033;33162;2439;756;5949;1116;106185;60765;70340;1602996;360912;297627;12739;12929;57685;295;3194;87331;17842;71136;291;2655;4939;3177;7224;15784;15628;10873;920;16172;4632;1191;310;1670;3440;373;2038;123;674;10;432;8893;65912;41943;19209;508535
2013;jun;28;2386;2907452;34731;159660;36175;31356;2578;748;6023;1098;107378;59185;75234;1562893;356026;277585;11545;12255;56005;355;3013;84400;16172;73212;300;2454;5039;2920;7343;15744;15786;11433;941;15349;5872;1129;323;1544;3777;342;1914;82;521;21;350;8575;59685;41957;16911;487995
2013;jul;11;2500;3056809;35317;164185;37516;34255;2861;863;5815;1254;109280;59927;78949;1532553;377081;288803;12560;12369;58325;166;3231;91407;16180;71481;300;2595;5057;3318;6948;15751;16807;11260;1022;15740;4017;1188;258;1692;3782;363;2289;119;616;27;411;9414;65813;43602;16872;499736
2013;ago;9;3008;3065034;37201;166040;39328;34529;2708;904;6287;1352;110331;61999;77326;1505590;394500;281472;12971;13431;61688;268;3327;92157;15885;75465;302;2657;5197;3267;7601;16587;17384;12364;1122;15480;4248;1269;354;1860;4011;359;2225;124;596;21;378;9140;65000;47053;16914;500518
2013;set;3;2810;2949143;37504;156067;37933;34349;2697;897;6206;1307;105049;58842;68669;1400919;364453;302252;12703;12639;56106;362;3257;88164;14938;66091;313;2549;5199;3258;7441;16485;16843;12372;984;15160;3918;1210;384;1785;4036;381;2089;107;596;29;399;8124;58538;43533;16475;478754
2013;out;28;3037;3089697;38832;160968;40662;35125;2716;882;6376;1213;110055;60115;79104;1436833;379028;627143;13316;13811;59229;214;3514;93878;14826;68584;349;2779;5553;3264;7624;17127;17379;12385;1077;15546;4277;1221;359;1757;4138;386;2404;110;604;19;379;9792;63387;45912;15857;504822
2013;nov;8;3028;2852809;32094;146320;36924;32723;2630;703;5821;1067;100853;55855;68285;1307097;347231;301933;12253;12522;53835;219;3469;82494;14707;61026;263;2434;4751;2884;6672;15363;15688;10463;875;14393;3245;1112;333;1678;3442;354;2188;134;709;14;402;8296;64807;43223;14865;472154
2013;dez;3;2758;2722711;28636;138436;34470;32100;2404;504;5372;862;95915;54020;71875;1233973;333966;274646;11641;12813;53469;106;3429;83022;15538;60694;193;2276;3989;2076;5753;13567;15107;9092;719;14943;3216;1065;218;1710;2963;385;2009;116;500;23;288;8312;61343;38821;15236;445724
2014;jan;9;3351;3070360;33947;149720;40322;36593;3006;797;6541;1188;111461;60413;84450;1355201;386420;461901;14452;14618;59887;195;3493;86605;17069;68173;284;2512;4846;2615;7122;15735;16347;10820;935;16542;3270;1239;286;1933;3894;446;2182;121;620;31;380;9308;66354;43828;17091;484395
2014;fev;24;3539;2796213;27144;142086;37034;33098;2663;756;5797;980;104534;57178;72921;1297658;368457;302858;11972;13255;54466;254;3324;89111;16069;66624;287;2473;4898;2752;6720;15589;15682;11186;1001;15294;3151;1251;355;1841;3908;371;2153;113;564;9;407;8462;62536;42034;16013;455280
2014;mar;59;3965;3032561;34084;156818;40381;36588;2914;854;6320;1091;117076;58427;89273;1406427;379954;256813;13211;13263;57308;340;3684;85675;18594;69840;301;2533;4780;2778;7166;15903;16252;11118;946;16886;4020;1193;285;1768;3848;409;2308;146;684;15;436;8860;65821;45147;17843;497409
2014;abr;9;4520;2994133;34962;157668;39501;34667;2729;852;5850;1045;114721;57244;78369;1499346;366867;255946;13163;13284;55376;211;3372;81804;17992;67637;286;2533;4813;2850;6775;15828;16202;11210;1004;16518;4319;1289;293;1891;3965;407;2204;122;625;20;370;8728;62209;40698;16859;507709
2014;mai;43;4839;3171698;37160;174157;41081;37769;3014;944;6373;1216;122509;59374;79277;1589481;407216;280682;13229;13898;58282;108;3377;89846;18564;73575;300;2657;5282;3221;7767;16587;16740;11629;1039;16611;4663;1255;276;1810;4235;465;2369;145;796;22;445;9709;73474;49470;17559;534364
2014;jun;3;4538;3091962;36025;164119;39546;35757;2777;936;6088;1239;116279;55603;81733;1496370;382824;265722;11935;14098;54207;378;3270;88529;17117;69737;280;2437;4548;2889;7132;16024;16303;11222;994;16012;5560;1341;259;1785;3946;446;2275;153;789;6;430;9482;67181;45086;16290;519258
2014;jul;8;5734;3168654;39217;164828;41276;37760;3004;952;6601;1219;120296;56811;81605;1446815;397200;403588;12793;14881;56324;214;3255;88769;17289;71544;292;2597;5243;3222;7597;16066;17489;11857;1052;16768;4077;1418;334;1922;4359;442;2256;139;637;18;403;10414;70785;49182;16869;513923
2014;ago;9;5635;3168885;39223;167921;42519;38685;3039;930;6717;1230;118424;57367;86497;1463149;401805;470083;12551;14262;55422;337;3408;89481;16581;75898;310;2640;4928;3405;7515;16959;17459;12533;1109;15677;4136;1289;293;1849;4428;410;2281;141;705;14;402;10405;68586;47013;16523;512747
2014;set;22;5789;3133154;40922;165430;43474;38732;3226;964;6706;1447;121022;56765;89804;1426658;403865;461374;12963;14444;56061;240;3363;88688;16097;74225;340;2677;5399;3317;8002;17542;17512;12623;1188;15840;5022;1342;345;1923;4645;472;2187;147;713;15;388;9686;63757;50114;16753;504866
2014;out;17;5798;3205075;40681;167448;44184;38602;3202;833;6555;1235;119077;57125;100994;1444083;411748;257784;13576;15266;57061;392;3479;93584;15114;77227;351;2796;5421;3692;7955;17491;18243;12896;1131;15495;4188;1327;345;1875;4592;473;2345;153;683;27;388;10798;71818;49896;15590;523653
2014;nov;10;5535;2931104;36217;151490;40816;36682;3002;897;5867;1111;112036;53639;98057;1297987;383944;223572;13227;14480;52051;209;3632;83378;14945;68509;306;2574;4349;3434;6928;16069;16579;11709;949;14873;4177;1237;309;1740;4219;480;2231;125;649;22;437;8610;65244;44609;15071;482550
2014;dez;15;7386;2876974;31516;143429;36947;34148;2435;685;5383;883;112536;50968;105077;1237582;369924;245882;12509;15607;49790;228;3544;83554;16229;67936;222;2393;3659;2501;6169;13922;15803;9480;792;15933;4528;1084;250;1687;3301;461;2136;123;561;25;327;8360;62474;41086;14872;465765
2015;jan;11;8916;3127020;37588;151109;43945;38269;3183;880;6412;992;122654;57732;120725;1294877;419831;328174;13832;16226;56874;162;3348;87383;17977;74566;277;2560;4449;2657;7022;15586;16051;10755;956;16326;6393;1198;281;1911;4214;477;2336;136;688;20;349;9243;67012;45334;17074;499154
2015;fev;14;7486;2770035;33586;138547;39563;34749;2893;787;5758;931;110989;52786;100037;1219052;370887;228597;12919;13422;50610;344;3158;76840;17296;67764;265;2380;3925;2708;6527;14968;15095;10241;883;15217;5266;1072;272;1639;3737;427;2236;135;637;14;318;8573;63594;40950;15764;455347
2015;mar;11;8910;3281787;41751;167889;45098;40086;3449;1017;7039;1216;133063;63588;115177;1481680;438549;266671;14724;14849;59639;324;3509;88898;20059;80899;362;2953;5167;3405;7968;18047;17946;12695;1205;17600;8851;1237;393;2066;4889;458;2460;140;727;18;403;9852;70751;49784;19119;530579
2015;abr;19;7331;3173258;36109;168108;41766;39202;3153;869;6229;1134;124880;57276;120805;1560888;435140;245832;13892;14787;54980;268;3347;88433;18669;76661;272;2646;4510;3002;6999;15968;16542;10540;980;16622;12078;1190;346;1914;4048;487;2236;130;657;19;377;9386;65328;47299;17240;534877
2015;mai;10;7479;3332037;40061;177099;43398;41009;3372;935;6513;1267;132256;61000;139386;1632841;466268;245999;13726;16083;56511;376;3345;93304;19243;81350;328;2822;4872;3309;7443;16422;17201;11348;1053;16836;14185;1133;433;1836;4557;528;2316;161;710;29;398;9625;69229;48710;17735;557648
2015;jun;8;7091;3175205;39286;172413;42854;40277;3258;865;6580;1166;128009;58002;126531;1585084;479191;314003;13647;15373;54672;361;3344;90988;17602;80638;307;2755;4889;3151;7501;16041;16938;11695;1063;16303;15342;1192;418;1860;4403;507;2490;142;653;24;385;9534;65176;50251;17162;546929
2015;jul;17;6776;3242026;39982;170963;43620;41912;3531;838;6762;1458;130889;58248;138264;1534463;473254;239996;13739;16146;55719;285;3334;96134;17493;80097;302;2842;4912;3256;7690;16006;17268;11434;1117;16055;14033;1302;397;1885;4542;571;2712;160;756;50;455;9210;68256;51483;17374;545954
2015;ago;19;6944;3240105;42046;171387;44385;42271;3177;898;6922;1407;127223;58924;141535;1522389;471686;264417;13018;15302;54126;225;3637;91293;16740;83424;356;2910;5021;3460;7763;16897;17864;12296;1160;15853;15227;1212;421;1881;4964;577;2724;166;844;32;469;8785;71167;52461;17399;529449
2015;set;12;7356;3126375;41415;161966;43320;40143;3169;885;6757;1347;123788;54424;136016;1390532;447045;232048;13380;15209;52138;260;3361;84384;16861;81320;287;2669;5250;3146;7448;16647;17265;11838;1119;15963;15438;1296;353;1915;4617;555;2751;137;650;37;405;8864;69958;50585;17312;513129
2015;out;22;6962;3099709;40956;161741;43565;41217;3214;842;6644;1295;122718;56738;144916;1405018;462058;229380;13476;15840;53983;256;3567;92183;15598;81748;327;2811;5529;3342;7449;16771;17604;11492;1001;14809;14219;1230;368;1892;4529;571;2789;151;635;11;378;9158;70931;48438;15114;530060
2015;nov;6;6743;2919317;40402;153508;42633;39326;3178;832;6376;1273;120133;54373;147180;1313426;426237;205186;12933;14359;51980;147;3584;82443;15761;79793;343;2718;4874;3219;7303;16063;16735;11487;930;14860;12634;1134;344;1852;4412;498;2541;117;553;22;325;8736;64339;47910;15892;496969
2015;dez;13;6856;2890443;34716;152024;39856;38849;3049;731;5875;951;116984;54136;155697;1291041;427297;225761;12672;14114;51179;245;3515;86655;16859;76773;239;2337;3762;2625;6439;14058;15582;9458;747;15772;11601;948;287;1882;3618;482;2691;152;700;8;330;7965;65262;41455;14782;488292
2016;jan;27;7746;3048886;39501;155824;43417;41322;3359;885;6708;1190;127608;58210;176193;1304804;445997;285371;13742;16375;54402;191;3500;88531;18109;82054;289;2709;4380;3178;7117;15495;16121;10665;877;16485;12028;1067;228;1836;4353;597;2581;132;613;3;305;9287;67372;44762;17359;511433
2016;fev;16;7574;2873161;39154;151170;42467;38475;3316;815;6425;1178;122077;53032;167284;1252927;425598;207183;13127;14978;50107;255;3385;80070;17530;75896;297;2567;4442;2962;7413;15578;16107;10849;1008;15684;13252;1060;297;1785;4258;499;2451;107;615;49;362;8790;64916;46393;16335;495959
2016;mar;16;8890;3157469;45591;173622;46248;40737;3330;835;6774;1405;136088;58448;186906;1514490;484109;233432;13933;16368;53480;357;3412;92706;19480;84817;332;2881;5140;3903;8472;17831;17767;12627;1181;17395;16261;1227;399;2094;4956;611;2744;142;779;40;432;10051;71591;50598;18605;554818
2016;abr;38;9214;3016399;40795;169795;42150;39692;3122;804;6197;1090;125204;52083;186331;1603507;469899;260396;12733;15941;49595;302;3322;91241;18852;85045;297;2676;4645;3422;7403;16541;16750;11409;1033;16463;16539;1130;343;1951;4142;602;2429;131;699;21;361;9267;66705;47252;17736;540794
2016;mai;9;9637;3158949;44122;177301;43622;40508;3266;897;6673;1328;131916;57576;201698;1658479;505406;218332;13343;15379;55404;351;3321;97231;19006;89886;326;2795;4855;3800;8232;17689;17792;12461;1180;16981;21180;1118;498;1892;4667;599;2423;112;668;22;376;9093;70257;51603;18676;562957
2016;jun;13;9527;3153395;44796;174912;44340;41124;3380;802;6840;1394;130985;55782;186782;1647976;501232;226464;12241;16197;52986;279;3214;96793;17604;86720;322;2980;5049;3738;8424;17271;18121;12752;1259;15681;19234;1184;440;1932;4759;648;2634;125;702;22;395;9379;71958;51867;16603;555947
2016;jul;12;9787;3182086;42455;175837;44654;41991;3334;924;6731;1571;130831;54888;197023;1608261;511758;198185;13134;15718;51439;93;3294;97771;17040;90473;294;2955;4407;3589;8062;16917;18379;11838;1086;15594;19623;1161;263;2051;4314;652;2632;139;657;9;362;9350;69767;53858;15986;554816
2016;ago;26;9868;3209776;46894;173719;45968;43621;3624;978;7117;1464;128451;56299;197421;1570348;522018;221357;13596;16843;53814;339;3506;95235;16037;91702;317;3097;5041;3992;8868;18741;19260;13269;1292;15834;18332;1316;392;2238;4822;670;2648;156;839;56;401;9050;70302;54797;16003;555944
2016;set;19;9649;3020840;45304;163121;43261;41751;3545;856;6715;1473;125333;56245;186985;1476086;487264;204442;13254;15795;53081;400;3529;89581;15663;86253;284;2759;4770;3641;8756;17425;17854;12020;1139;15582;14469;1166;326;1980;4535;570;2585;139;709;15;399;8489;68955;48510;15705;529676
2016;out;29;9723;3078193;44138;166774;43999;43005;3310;849;6627;1441;123423;56494;192347;1520126;506834;202878;13819;15715;53362;468;3790;97344;15219;88878;286;2897;4648;3631;8137;17257;18178;12145;1188;15324;10062;1234;368;1985;4671;575;2630;128;679;10;351;9402;72877;51100;15222;547569
2016;nov;16;9425;2978145;42622;158518;42410;41598;3155;858;6415;1261;119886;56469;186246;1428555;482567;201907;12536;15594;51990;295;3566;91749;14492;82173;266;2691;4554;3613;7442;16319;17023;11509;1058;14888;9851;1055;318;1951;4514;572;2536;121;643;18;341;8729;70206;48180;14644;521582
2016;dez;8;8992;2849914;37511;154597;42245;42529;2913;671;6205;1322;115492;54943;173587;1347407;477900;193272;12461;15473;51460;282;3765;90843;15583;82813;222;2612;3473;2809;6669;14752;16473;10045;887;15610;7970;1032;224;2003;3667;612;2640;121;682;49;363;8249;69391;47113;15761;487501
2017;jan;9;10149;3110045;43458;162615;47367;44552;3854;953;6869;1357;129114;60360;190795;1381452;510541;253687;13533;17248;54728;341;3669;96669;16404;87348;237;2825;4436;3026;7826;16895;17322;11494;1054;16101;9192;1128;262;2121;4705;693;2694;117;597;36;351;9355;66287;51642;17000;525724
2017;fev;11;9235;2807766;40063;148454;41504;39812;3151;689;6049;1196;120253;52805;171947;1327197;449856;182765;11554;14941;49972;290;3601;88034;16751;82559;269;2658;4028;2865;6875;15801;16043;10765;996;16137;8606;1002;225;1920;4112;627;2504;137;698;42;363;8121;60930;45690;15940;490572
2017;mar;21;11233;3251881;50188;174952;47862;46882;3656;943;7144;1532;141405;59857;194308;1625203;537666;216144;14112;16737;54432;483;3854;103619;19518;91489;316;3158;4956;3636;8564;18989;18544;13237;1285;18520;6870;1242;385;2247;5234;636;2757;128;759;35;386;9743;72343;57711;19413;574250
2017;abr;10;10780;3024135;42092;166013;42292;42527;3245;799;6209;1273;132530;56001;189188;1588877;492843;188864;12113;16378;51141;219;3807;94461;18670;82502;271;2585;3891;2941;7268;15974;16156;11033;1069;16908;5278;1096;277;1926;4277;559;2692;148;771;66;395;9131;68219;44299;18146;551285
2017;mai;9;11599;3329439;50186;180576;46596;46120;3659;919;7009;1576;145244;58747;212607;1697277;548165;200178;13064;18051;52347;355;3677;101184;19543;93223;336;3006;5015;3493;8523;19064;19042;12823;1303;17983;5928;1270;352;2013;5137;728;3049;142;762;86;438;10552;71863;55327;20576;592977
2017;jun;17;11783;3193516;45131;173191;43375;43373;3308;786;6556;1465;138726;58729;202650;1670511;542452;202146;12750;17183;50901;261;3525;102744;18116;89060;277;2861;4314;3272;7986;17508;18494;12072;1059;17182;5472;1212;382;1984;4533;647;3006;139;716;38;393;10328;72894;50831;18665;586341
2017;jul;7;12532;3259068;47290;171937;44639;45190;3569;981;6707;1532;140425;59139;204795;1568109;523259;188455;13674;16850;52473;236;3524;102023;17960;82218;296;2946;4558;3900;8300;17990;18949;12930;1119;16863;5051;1260;303;2013;4787;658;3002;148;786;29;468;9959;77331;57559;19190;568793
2017;ago;62;12488;3338587;52434;173262;46527;45887;3908;912;7275;1612;142049;60270;220292;1626784;552752;367588;13702;17672;53111;318;3527;107861;16865;94213;305;3240;5130;4372;9262;20418;19204;14451;1285;16806;4899;1318;348;2184;5171;675;3125;153;793;60;453;9825;71539;57102;18054;588943
2017;set;11;12038;3154547;47261;163362;43686;42525;3590;812;6450;1449;130205;56643;191249;1506346;505580;180053;13036;17091;50277;392;3549;94850;16515;84400;309;2899;4530;4090;7991;18286;17891;12584;1029;16114;4970;1225;369;2024;4364;639;2918;127;676;39;352;9815;72196;50243;17692;554682
2017;out;17;11813;3277255;50956;167484;45022;45279;3908;814;6877;1552;136486;58562;203209;1542933;528952;234614;13637;18707;52291;337;3831;102757;15934;89992;316;3013;4932;4333;8380;19705;18931;13616;1127;15863;4957;1436;321;2176;4933;691;2983;126;723;76;495;10130;77754;54506;17041;585636
2017;nov;17;11262;3072044;45771;157660;42997;43738;3577;728;6559;1391;129626;56459;192341;1440225;489682;191426;12062;17441;50269;400;3610;93803;15833;82027;268;2771;4638;4252;8383;19099;17636;12433;1033;15652;4712;1193;362;2158;4500;574;2760;148;661;39;392;9602;69783;48944;16423;542481
2017;dez;11;11311;3025014;38851;155670;41154;42896;3278;629;6246;1116;126232;56824;189561;1342879;500777;188796;12251;17933;49867;560;3668;96973;16583;82139;213;2658;3937;3296;7777;16518;16881;10864;905;15779;5602;1112;269;2023;3678;670;2808;134;661;63;381;9153;67454;45294;16455;516058
2018;jan;68;12540;3321661;46920;160706;46521;46455;3767;812;7237;1343;141535;60721;203128;1412446;518079;220106;13751;19939;53225;505;3663;100825;18276;87635;267;2807;4567;3346;8143;18466;18059;12228;957;17178;5009;1328;292;2383;4776;696;3191;150;791;54;426;10041;74659;49685;18367;560764
2018;fev;29;11018;2992815;41240;146008;40489;41575;3416;682;6276;1239;129588;56374;180048;1290924;458907;182085;12368;17006;48507;327;3241;88756;17198;78495;247;2671;3939;3813;7385;16489;16240;11472;1001;16028;4611;1106;311;1918;4131;605;2899;129;714;53;410;9339;71372;44694;16952;502670
2018;mar;41;11898;3354490;46811;168344;45887;46774;3593;780;7095;1380;144554;61052;201675;1513050;522295;195034;13504;18989;53050;433;3892;99603;19182;89794;283;2993;4544;4674;8538;19068;18450;13689;1133;17585;5819;1423;294;2209;4850;745;2995;137;705;23;368;10920;74074;51583;18671;584058
2018;abr;12;12047;3327890;47084;173042;44296;46830;3794;706;6996;1336;141786;59732;206049;1617280;544421;192090;13253;19510;51691;311;3723;99419;18740;87367;259;2931;4750;3774;8605;19298;17935;13446;1115;17534;5526;1247;369;2124;4698;730;2992;160;850;41;426;10505;76634;51441;19485;593420
2018;mai;19;13443;3475843;45780;175266;44001;47731;3783;753;7207;1427;145825;61318;224266;1680937;566235;201321;13513;20845;53173;373;3553;106816;19315;90508;251;3061;4583;3939;8212;18905;18160;13201;1154;17910;5743;1258;365;2091;4822;801;3051;150;780;45;409;11524;76920;50831;20459;605670
2018;jun;11;12373;3345969;45630;171258;42208;46091;3390;686;6872;1384;139914;58815;227197;1655745;536851;198851;12940;20861;51648;270;3412;99956;17504;85508;274;2920;4629;3860;7938;18358;17673;13177;1129;16219;5368;1162;370;1943;4716;820;3268;132;658;37;374;11101;73691;50665;18616;589384
2018;jul;18;13333;3445746;48380;172900;44487;48024;3632;693;7391;1383;140018;65054;238701;1625928;543140;206641;13807;21117;56719;271;3671;100685;17186;88843;286;2990;4719;3850;8514;18920;18898;13485;1153;16534;6170;1512;311;2084;4895;810;3196;152;745;48;419;10347;72477;52237;18268;596058
2018;ago;8;14042;3460641;52735;173432;45975;48339;3907;683;7343;1505;143017;61443;246447;1615420;556647;202931;13704;18804;53465;223;3578;101531;16923;94192;330;3376;5201;4523;8973;20523;19526;14795;1230;16670;6625;1351;424;2111;5348;761;3256;146;851;40;456;10064;78400;55320;17835;596378
2018;set;55;12153;3276193;45189;163862;43454;46632;3547;648;6932;1568;135304;57627;237848;1543146;540986;179577;12834;18439;50751;511;3700;95245;16462;86934;262;3033;4585;3662;8257;18816;18100;13224;1094;15655;6580;1383;390;2017;4635;755;3050;145;786;39;435;9422;77343;51704;16542;567136
2018;out;52;13001;3404362;52115;169258;44925;47862;3899;642;7212;1450;137438;60702;248689;1718877;597752;267348;13651;18948;51756;836;3815;99489;15701;99995;315;3152;4965;4836;9137;21225;19959;15211;1205;15980;5217;1446;495;2250;5215;758;3285;124;767;41;453;10271;76317;56978;15907;584818
2018;nov;36;12175;3231179;46145;162047;42393;45289;3493;599;6741;1361;131655;57642;244598;1531806;532129;184197;13339;17696;47324;648;3818;96134;15790;86746;270;3091;4472;4588;8025;18869;18526;13450;996;15511;5535;1248;330;2116;4250;694;3268;171;838;41;429;9945;75631;52836;14543;563143
2018;dez;44;12334;3164493;41281;160233;40754;47130;3342;473;6352;1159;129292;56254;231572;1414139;508837;201355;12345;18064;48089;590;3794;99048;16031;87112;231;2975;3844;3895;7582;17081;17946;12069;809;15244;5091;1230;308;2087;3836;722;3186;149;708;38;405;9468;70732;48699;13563;543136
2019;jan;73;13039;3399308;49862;162211;47232;50024;4247;676;7412;1456;143384;64493;252263;1449643;548723;261864;15348;20332;55783;706;3828;97937;17635;96146;272;3193;4658;3676;8671;19495;19627;13653;1109;16835;5692;1333;355;2288;4939;747;3282;147;714;26;417;10793;72224;55166;16106;572754
2019;fev;18;11843;3037691;46728;148022;42535;45079;3751;595;6882;1406;134496;54483;231459;1309990;490754;192974;13326;17390;47478;719;3579;90459;16974;87838;350;3049;4549;3802;8299;18621;18145;13615;1149;15608;4261;1387;362;2009;4795;668;2826;141;681;31;403;9085;60424;52767;14991;527778
2019;mar;41;12442;3336273;45167;165680;45008;49245;3770;564;7169;1365;148769;60763;236653;1520009;543284;261880;13641;18356;52149;864;3857;94654;18718;95458;319;3181;4272;3770;7913;19325;18476;13409;1044;16919;4403;1354;406;2168;4479;718;3009;136;632;25;371;10419;70354;51626;15612;579042
2019;abr;26;12471;3491026;47557;174527;44570;48732;3990;556;7274;1467;147366;61079;235446;1617609;567147;200297;13506;18730;51569;569;3725;96442;17908;87720;343;3152;4593;3976;8188;20272;18888;14083;1057;16655;5204;1622;486;2232;4918;753;3217;146;763;26;423;10645;69579;54516;14935;596905
2019;mai;36;12533;3696101;50743;182967;47852;52320;4198;539;7764;1566;153176;62979;249732;1715961;611738;209517;13855;19090;54387;648;3856;106439;18544;95176;361;3305;5025;4592;8827;20827;20009;15181;1262;17210;5330;1518;449;2302;5411;824;3601;144;745;48;441;11199;74540;58168;15865;636607
2019;jun;28;11975;3472302;45427;173901;43624;48584;3868;492;6959;1217;143064;56974;249415;1628094;565995;187899;12890;18588;49341;469;3556;97482;17230;89278;307;3027;4462;4717;7582;18742;18431;13924;1018;15881;5031;1286;341;2138;4839;761;3043;129;693;44;371;10740;71330;53770;13404;597597
2019;jul;58;12849;3700500;50034;179485;46108;52430;4186;498;7589;1573;150647;61411;272331;1625013;604319;212967;13384;20438;52743;617;3697;106634;16859;96277;295;3231;4894;4847;8374;20484;20562;14673;1082;16110;5450;1375;440;2284;5242;848;3556;143;792;36;529;10868;79764;58822;13514;622509
2019;ago;72;13496;3675774;51956;177380;46834;53397;4561;587;7691;1523;149068;59749;269297;1585045;599755;250841;13663;19618;51472;1263;3852;104617;16205;98038;293;3371;5130;4764;8443;21367;20760;15533;1122;15961;5512;1398;525;2398;5498;863;3409;156;809;46;444;10923;73385;60946;12728;611524
2019;set;50;13207;3536119;52256;168859;46362;52107;4201;565;7817;1603;142291;58387;270225;1507409;574367;194917;13870;18481;49270;925;3860;98636;15246;101684;302;3369;4936;4234;8541;20578;20278;15657;1205;16148;4862;1518;558;2375;5552;749;3354;141;812;39;478;10487;72614;59061;12781;592866
2019;out;54;12479;3660282;55183;175587;48915;54100;4267;547;8115;1527;141727;60450;268659;1590880;608655;205529;14928;19045;52414;1331;4271;100740;14153;105930;324;3423;5235;4945;8991;22023;21828;16643;1312;16110;5760;1596;725;2374;5661;758;3809;136;780;43;481;10840;75563;60032;12102;616805
2019;nov;62;12027;3423131;49025;162125;45394;52862;4184;507;7350;1431;133950;56145;258775;1463072;577110;184767;13423;18152;49985;989;4011;95037;14221;98686;254;3099;4617;4812;8097;19887;19650;14491;1073;15714;5544;1352;498;2160;5033;698;3254;112;695;27;414;10210;70946;57252;11142;579679
2019;dez;84;12190;3419682;41155;164660;43063;52680;3538;359;6961;1216;134818;56385;253280;1423615;574330;185282;13429;19346;49603;1004;3991;98438;15185;100793;204;2793;3688;3236;6949;17433;19024;11982;812;16163;5215;1357;413;2171;4086;761;3392;133;758;27;420;9827;73484;53516;10918;567651
2020;jan;130;12730;3688147;48566;166932;49549;56189;4637;559;8253;1509;147763;59484;273105;1490747;603690;255126;15093;20441;53438;859;3911;99528;16036;103640;261;3173;4746;4479;8211;20306;20014;14582;1143;17274;5161;1458;432;2437;5114;880;3820;152;825;29;497;11590;81807;58399;13273;603151
2020;fev;117;12408;3339047;44869;156965;45139;52272;3927;486;7542;1278;137356;54855;261227;1393591;552865;173647;12657;18829;48340;706;3849;92108;15535;93841;255;2899;4303;3832;7313;18564;18292;13342;1033;15809;5228;1146;383;2149;4576;769;3045;135;727;47;397;10129;72379;50809;11515;562110
2020;mar;34;12561;3341330;44836;165220;41382;53369;3637;413;6452;1155;137908;53779;245623;1373008;572559;170807;12304;17854;47209;351;3254;94286;17099;88976;236;2699;3381;3069;6679;15889;17964;11242;954;17644;5818;1211;314;2177;5299;769;3339;143;774;48;405;10024;67238;50631;9915;522307
2020;abr;103;12325;3488305;30073;149413;35801;56784;3297;339;4635;1156;132681;50804;255591;1136026;574967;134245;10428;19166;44542;85;2243;100191;16687;79457;74;1961;858;654;4243;7650;12764;4033;353;16976;7283;772;63;1798;3777;966;2765;121;480;9;211;8314;50453;38911;7839;438612
2020;mai;51;13521;4118491;36428;169781;40999;67823;3809;339;5486;1163;146689;55004;324841;1296172;690652;148628;10203;20960;47585;99;2393;113798;16514;86766;85;2205;1058;1044;5084;8909;14272;5091;391;17257;7661;887;81;1892;4027;1207;2592;134;522;17;208;7829;54473;45076;8403;478741
2020;jun;119;13870;4275947;35909;169537;42510;69779;3653;352;5839;1319;147973;55950;346461;1366466;744983;154356;10851;22112;47639;100;2613;111613;15006;84866;74;2351;1222;2085;5315;9834;15595;6070;473;16308;6119;803;147;2022;3955;1296;2648;118;426;19;247;7867;54896;57813;8256;479780
2020;jul;127;14919;4513190;42330;185368;45197;75934;4216;325;6458;1444;154237;58631;389232;1471983;820927;160547;11930;23217;51627;163;2795;117261;15292;81688;91;2601;1541;2193;5773;11025;17353;7152;494;16256;5603;926;165;2260;4392;1436;2536;143;521;8;266;7416;57958;54587;8698;512150
2020;ago;121;14475;4363483;42744;181071;46209;74202;4511;391;6763;1531;155042;59333;370573;1436213;821944;156634;12040;21587;52746;448;3087;116815;14682;48956;135;2689;2150;2685;6624;13104;17914;8667;656;15642;5442;1180;201;2209;4484;1311;2626;167;620;14;305;7038;58070;53238;8290;512666
2020;set;372;14522;4120756;47382;171857;46072;71603;4573;397;7182;1583;150461;59449;349534;1363178;781773;156460;12729;21024;53072;835;3385;110202;14796;51753;172;2724;3108;3294;7305;15522;18971;10516;847;15833;5040;1231;220;2323;4819;1164;2760;177;741;22;360;7949;61791;55002;8586;511149
2020;out;429;12782;4070072;48773;171530;46912;72162;4558;347;7525;1414;145619;58018;337551;1393665;781435;158563;12576;20915;50959;141;3592;107967;14073;54779;184;3054;3739;4296;7672;17379;19640;12105;834;15027;5084;1315;270;2433;4743;1127;2814;135;627;27;369;8378;60887;58414;7587;533413
2020;nov;448;11919;3916018;47675;163353;44525;68570;4464;363;6988;1377;144199;57877;340937;1357717;735075;150377;12217;19429;49044;282;3583;98065;14221;49021;214;2961;3784;4108;7659;17325;19245;12984;906;14808;4806;1092;297;2277;4665;972;2741;172;771;34;441;7603;61836;55942;8202;502459
2020;dez;377;11601;3932393;40993;157990;41516;68776;3966;256;6343;1127;139121;55703;370165;1343299;725288;147616;11988;20170;50449;217;3434;101516;15004;45919;123;2601;2812;2515;6499;14386;17828;10303;761;15203;4754;1113;221;2327;3844;1131;2819;115;568;13;360;7803;58014;50298;8232;483875
2021;jan;515;12658;3888229;41963;155503;43209;69034;3878;332;6486;1128;143119;53511;374824;1387433;691225;152231;12265;19659;47989;242;3137;95002;15784;41910;154;2401;2872;2698;6219;13885;16671;9638;748;15599;4667;939;163;2122;4178;1213;2625;127;580;5;344;7289;50140;48789;8730;468978
2021;fev;355;11736;3066099;37964;124105;35107;57536;3075;318;5532;897;120805;42723;300215;1151254;520562;120879;10532;14168;36830;326;2744;70152;13814;32002;166;1936;2525;2473;5347;12026;14061;9574;656;13954;3632;842;237;1847;4069;894;2522;98;549;8;302;5997;43312;39598;7955;362251
2021;mar;401;8630;1736682;24286;72216;19976;34022;1547;173;2935;541;85807;22057;194150;758845;269115;76144;7229;6698;17958;127;1808;31314;11735;15054;90;1112;1569;1785;3479;7363;9519;5602;482;11373;1511;469;148;1080;2947;613;1304;66;310;8;170;2216;18933;25712;6641;189467
