Ano/mês atendimento;0201 Coleta de material;0209 Diagnóstico por endoscopia;0211 Métodos diagnósticos em especialidades;0301 Consultas / Atendimentos / Acompanhamentos;0303 Tratamentos clínicos (outras especialidades);0304 Tratamento em oncologia;0305 Tratamento em nefrologia;0308 Tratamento de lesões, envenenamentos e outros, decorrentes de causas externas;0310 Parto e nascimento;0401 Pequenas cirurgias e cirurgias de pele, tecido subcutâneo e mucosa;0402 Cirurgia de glândulas endócrinas;0403 Cirurgia do sistema nervoso central e periférico;0404 Cirurgia das vias aéreas superiores, da face, da cabeça e do pescoço;0405 Cirurgia do aparelho da visão;0406 Cirurgia do aparelho circulatório;0407 Cirurgia do aparelho digestivo, orgãos anexos e parede abdominal;0408 Cirurgia do sistema osteomuscular;0409 Cirurgia do aparelho geniturinário;0410 Cirurgia de mama;0411 Cirurgia obstétrica;0412 Cirurgia torácica;0413 Cirurgia reparadora;0414 Bucomaxilofacial;0415 Outras cirurgias;0416 Cirurgia em oncologia;0501 Coleta e exames para fins de doação de orgãos, tecidos e células e de transplante;0503 Ações relacionadas à doação de orgãos e tecidos para transplante;0504 Processamento de tecidos para transplante;0505 Transplante de orgãos, tecidos e células;0506 Acompanhamento e intercorrências no pré e pós-transplante
jan/08;93946,17;10689,76;197434,71;641263,44;938911661,9;2186267,8;2069070,55;695301,83;8393383,12;649275,96;102362,97;5151374,8;3457874,89;623069,76;25396019,9;9498469,82;11150676,11;3224800,29;331924,78;8469140,06;1446426,83;974797,29;369246,66;3666347,89;3329199,05;;625776,27;;5566777,39;834843,17
fev/08;120174,16;17010,65;167457,07;660602,13;75207055,77;2022139,41;2099213,63;748929,33;8458956,69;662754;132911,4;4753730,5;3678072,06;683533,84;22991404,09;9042568,96;10690966,38;3281277,31;328389,15;8615907,82;1476823,37;965223,62;336780,51;4120989,24;3184567,75;;694476,26;;6914247,37;905837,11
mar/08;112728,64;11227,62;191636,9;724577,27;62331533,3;2273608,64;2042626,62;659695,1;9540796,49;718513,95;140648,59;5231648,14;3878124,93;805997,1;25882225,16;10531300,05;11785363,35;3772396,36;401953,51;9495914,91;1532106,12;1141500,12;360448,94;4905588,75;3715263,24;;681632,15;;6720721,16;966919,05
abr/08;129255,2;14507,27;183332,48;696134,39;64424334,37;2281218,22;2030287,24;635834,44;9225012,38;721896,6;127294,16;5762120,98;3635360,57;865731,44;25199717,26;9750744,96;11407661,18;3682534,67;397354,99;9204644,92;1639338,51;1133105,69;382999,61;5093072,22;3585981,7;;709485,32;;6454868,49;964333,97
mai/08;127848,29;23384,73;204523,78;675796,38;65515613,14;2329677,91;2259067,75;696712,36;9620581,64;717275,77;121973,09;5882628,1;3760227,63;724902,15;24837429,96;10428063,86;12252594,69;3492882,09;395275,36;9390678,08;1893389,19;1144077,52;344678,13;5284364,54;3314466,43;;610090,5;;5365302,4;1048552,4
jun/08;136605,04;32811;183695,15;677954,11;63473899,27;2312548,65;2007171,5;711314;8867389,23;833336,27;155162,45;6045851,22;4241765,02;939180,74;26366669,72;10354222,95;12928620,29;3836825,36;465537,7;8879387,09;1944858,53;1152092,79;397295,34;6240443,02;3864991,25;;742138,76;488;6697888,48;1002852,92
jul/08;114097,97;56171,74;210125,97;697873,81;66312436,62;2595054,49;2149073,27;673441,63;8623233,03;746098,49;139959,97;5710037,34;4476898,86;1096769,92;27647197,79;10638399,63;13214668,1;3741594,54;478393,97;8993624,64;1940743,24;1241149,11;436088,98;6167261,23;3756278,77;;737159,48;2040;5909991,77;1064045,7
ago/08;138169,54;105961,45;180854,21;697985,94;66366474,24;2506169,38;2353825,33;614661,86;8425446,78;758899,15;168020,58;6129726,07;4497439,87;1219297,28;27187750,48;10768493,77;13092236,15;3918339,1;450390,13;8683105,11;1695684,08;1271311,36;399560,93;6313517,1;3705127,85;5103,01;742841,52;2380;6606224,59;1000053,29
set/08;129204,61;10879,51;192556,26;724683,82;66518540,03;2443846,46;2051881,74;904688,79;8575832,01;816645,54;167125,87;5379988,37;4644429,83;1250428,93;27543873,22;10643933,19;12644641,84;4102424,17;486331,63;9100170,88;1671963,7;1242649,51;365921,13;6303227,55;3629235,01;11069,96;685808,09;1360;6765866,71;1142447,81
out/08;160955,34;17848,35;167825,57;747511,69;71829769,32;2616599,05;2270270,7;924925,96;8328597,35;850251,24;158881,74;5972369,42;4384537,8;1423778,65;28851201,86;10846079,37;13289959,11;4179351,1;478541,7;8854053,9;1898451,15;1398176,24;382819,32;7769192,52;3740223,14;20044,11;832834,54;1700;8312060,65;1151073,51
nov/08;136690,33;24377,41;158543,5;728144,58;77596603,92;2545822,3;2135255,27;899267;8337106,48;722042,49;150437,74;6186627,67;3787324,9;1357376,12;26033259,11;10221703,37;12053887,25;3915819,98;438345,01;8252278,32;2087534,95;1118303,87;380569,47;7034500,36;3410679,75;76485,52;705744,52;3957,6;9279676,59;1148900,81
dez/08;103445,59;12459,11;110406,36;683282,71;67682002,98;2368813,16;2255409,08;1201720,07;9699551,53;688917,24;104859,15;5943489,02;3802130,44;1014608,14;22648362,48;10357016,47;11288980,02;3245628,6;350884,12;9236816,16;1807808,56;1316937,51;401259,22;7527857,64;2495259,09;89335,63;485054,31;1101,6;8840792,05;1329735,47
jan/09;166894,61;21607,95;166601,66;724311,49;72269660,64;3016376,51;2642088,74;987669,96;10157506,75;701455,58;131272,23;5985870,41;3400600,08;987062,36;28533484,92;10754705,61;12040004,4;3703030,89;405511,79;9731718,58;1960405,39;1274269,17;399861,8;7816618,84;3253295,24;59775,17;515038,34;3672;9237809,65;1363878,32
fev/09;150100,16;28272,56;132525,65;675254,01;64806520,41;2670376,63;2545222,38;872240,46;10020049,71;669570,59;140363,63;6419355,75;4200103,33;1118453,67;25377536,42;10540961,16;11280727,24;3542280,62;373594,94;9523573,59;1780907,23;1228332,72;376871,99;7498023,91;2968347,54;69252,13;478360,25;2203,2;7976613,6;1175289,27
mar/09;226240,16;19851,14;153485,16;810292,73;79939077,68;3389620,21;2862284,72;1035848,62;11262296,45;846481,68;175814,69;6794835,32;4927755,03;1478195,64;31477137,5;13020144,99;13219632,34;4772615,54;500296,67;10899992,32;2205627,25;1227948,48;514610,01;9792768,42;4204457,34;104034,09;494276,5;3304,8;9386669,41;1266136,1
abr/09;204233,91;35504,57;153811,37;750830,49;88178940,96;3084241,15;2379752,36;1020907,47;10879956,89;762618,07;153605,79;6662229,35;4095064,56;1156688,13;28689264,34;11990918,65;12004481,66;4038168,22;445977,51;10361226,68;2060208,12;1188454,84;430789,18;9639543,02;3431483,5;109139,92;517781,22;2570,4;9341331,41;1358384,15
mai/09;188122,55;21048,3;158850,38;802725,38;79118356,3;3071366,48;2464731,87;980060,66;10556561,54;818306,94;157648,81;7209332,92;5006525,48;1383352,35;29005394,19;12589135,12;13552153,67;4436349,69;493067,56;10192261,37;2124937,9;1209107,5;453925,85;10672286,37;3932148,08;103776,73;620534,78;3672;10277777,23;1301699,48
jun/09;261594,64;44888,36;154224,12;771706,71;79570239,85;2962609,66;2893954,52;874077,15;10090491,97;763996,9;146190,36;7111449,88;4560147,25;1414992,9;29763483,86;12233297,45;13822041,86;4434326,43;469956,98;9866916,36;2125083,19;1141257,11;428870,36;11253487,9;3720176,13;99005,44;571987,27;5140,8;9848858,86;1311001,44
jul/09;254694,08;35941,24;148288,2;822078,97;82557174,56;3205664,97;2673869,87;934210,91;9936021,68;845943,59;161539,45;6871993,1;4946096,95;1384744,65;28797496,42;11629115,22;13651873,82;4419587,68;505148,37;10279644,13;2130463,77;1161720,69;431799,86;10830561,95;3594022,79;135939,78;523856,98;2937,6;9639706,06;1567220,22
ago/09;187057,2;27808,24;161274,11;818079,2;81193137,06;3164613,44;2316592,94;893502,17;9837950,71;867585,32;162133,12;6952367,99;5170850,55;1243158,03;30227574,29;11967944,65;13791535,91;4699982,78;509877,17;9932181,37;2255173,43;1332896,43;518621,39;12559818,96;3972145,38;86548,01;509584,03;2937,6;8233649,84;1669044,22
set/09;231139,49;39236,37;186243,63;814299,03;80776903,85;3353543,69;2412064,33;959229,49;10163211,58;873757,24;149087,67;6482841,65;4459453,5;1571621,69;29780430,63;12442881;13364167,3;4723543,02;487701,39;10341679,56;2496498,01;1106279,56;440084,29;11655759,68;3858748,56;103873,31;563758,77;5508;8830660,34;1575664,89
out/09;173014,44;41447,71;185187,07;840612,89;78325275,85;3351424,06;2742683,98;1171248,83;9393202,25;823453,34;171772,98;7120047,36;4862662,08;1452116,64;30613271,85;13011496,61;13722193,04;4667828,48;453635,68;9797457,81;2328699,72;1341487,24;487997,54;12792743,4;3799566,35;84603,15;814188,82;4406,4;9974229,15;1569190,97
nov/09;192226,29;31980,75;187488,97;866994,26;79218857,43;3276309,92;2589546,07;1109877,27;8858708,63;763350,67;185182,58;7018746,41;4429859,58;1438051,43;28403457,1;12699469,22;13297542,92;4352958,79;456144,26;8854015,95;2128931,76;1368882,55;405591,69;12251359,41;3577877,45;90854,1;763264,55;5140,8;8881376,59;1479924,47
dez/09;127201,57;7448,64;152321,65;835196,58;75511452,48;3240530,86;2606544,16;1282330,33;9120073,62;694479;100856,01;6555864,81;4113599,53;997336,71;23879076,41;10915389,88;11575793,63;3727117,38;358038,67;9333221,74;1746208,15;1377935,5;434318,1;11030691,68;2752733,05;64767,33;725804,6;4773,6;7471455,38;1414476,69
jan/10;226881,25;37907,57;173717,81;821052,87;79440730,99;3635492,74;2940409,21;1347017,49;10531718,23;731909,32;154245,79;7026083,64;4463393,6;1122402,69;29397785,92;11750534,59;12363284,27;4126021,06;408259,15;10421674,24;1892554,9;1374774,06;366956,63;12396998,38;3725251,73;75195,24;826135,22;6868,8;10183368,86;1544167,47
fev/10;201090,44;23547,17;143446,18;810734,35;69888159,73;3174162,91;2718988,8;1167305,89;10179984,47;744022,72;138978,86;6446318;4064080;1121368,04;26790571,87;11530443,69;11620971,41;4014389,18;398352,29;9827124,47;1876501,39;1323797,87;425391,02;12463435,74;3274534,22;54719,85;834053,65;5270,4;9192376,38;1333805,42
mar/10;200855,58;85831,55;212026,49;959181,78;86784736,63;3733869,61;2912779,8;1275729,2;11517039,54;911504,79;192109,93;7756619,54;5686193,38;1530878,24;32779663,22;14074849,52;13641630,11;5321768,08;543421,27;10966240,06;2522182,83;1592966,96;461233,4;14831519,28;4550355,52;59230,88;1067679,5;7473,6;11599711,21;1632091,33
abr/10;162591,27;19200,52;187862,35;854750,24;81877254,23;3494980,57;2670698,37;1064541,89;10438400,25;786009,21;169087,26;7318384,87;4445092,87;1420025,1;31326241,37;12507133,29;12968661,41;4606132,06;450112,69;10448967,61;2258116,95;1359831,29;438072,57;13844362,54;3533673,25;59841,95;946620,78;4039,2;9833807,96;1708435,93
mai/10;179621,79;24828,47;171707,95;909263,45;84551974,37;3424366,46;2732752,68;1208296,64;10913222,54;825621,71;214357,92;7832457,88;5063093,12;1514887,22;32712046,94;13660823,75;15024912,36;5064914,76;501996,95;10551438,63;2317028,97;1341972,62;499277,55;15036166,29;3743970,49;84486,53;879168,5;6609,6;9194544,67;1736966,73
jun/10;256679,77;32078,51;152818,43;813523,96;84571368,95;3055970,46;2598527,71;1129664,56;10305241,79;834309,71;168686,4;7980734,19;4374710,42;1393705,52;31499756,52;12282411,48;13572527,11;4681898,5;464417,17;10081153,71;1887968,25;1268554,9;462850,15;13919852,78;3549600,25;59933,44;1011190,57;3304,8;10012212,4;1618156,33
jul/10;216303,36;33126,48;163445,91;852759,82;83823199,28;3021949,25;2617338,09;1171851,26;10075572,42;798697,33;161889,57;7364858,07;4869072,33;1790124,66;31305995,03;12403273,01;14064028,19;4580978,06;420440,06;10140483,58;2379703,12;1550943,17;424258,07;14686840,75;3729737,13;121408,38;878951,64;;8831260,35;1679241,66
ago/10;232406,78;28918,35;189510,95;891189,43;100213473,6;2935333,5;3031703,9;1203557,13;9348779,9;981111,84;181125,55;7853930,53;5051445,46;1789073,86;34405855,34;13522549,83;15004313,06;5421545,95;502880,59;9829409,12;2217323,42;1551271,87;483717,71;16268792,97;4177932,6;79747,37;874005,59;;8539695,1;1951253,83
set/10;173193,41;57238,07;146987,03;868421,66;84188668,35;2897568,35;2613044,95;1150832;9575169,76;776475,27;192301,67;6867448,88;4472996,52;1541523,35;33694864,72;12344773,62;13445501,86;4880974,16;430573,26;9503259,87;2285933,5;1372112,1;467321,19;15430651,74;3864258,04;106057,47;829308,01;1231,2;8286314,46;1656034,39
out/10;154131,01;43301,02;165662,43;869155,9;96205996,15;3131426,45;2935299,44;1261049,96;9036832,02;798022,21;142713,94;7388112,21;4386089,86;1687537,29;32862541,88;12246969,66;14339270,43;4572515,29;405865,26;9499030,65;2455098,89;1259874,26;443728,07;15578614,44;3565198,7;119682,48;979304,16;1231,2;11208459,28;1611470,98
nov/10;254479,91;33122,78;188636,55;860141,35;83784676,2;3302349,47;2891000,1;1395716,84;8945903,13;760281,74;164408,51;6706406,26;4041961,14;1665313,19;33663400,53;12412925,95;13950047,97;4922786,67;400284,88;9333119,75;2533310,5;1426957,46;438088,91;15906529,12;3813082,2;80835,55;760467,65;1160;9392106,01;1609553,61
dez/10;129834,95;32583,65;104126,74;837801,98;80248516,57;3241513,52;2728976,71;1309802,22;9739804,04;610462,44;172304,22;7033893,41;3924453,03;1308518,51;28300754,99;10925883,19;12392088,87;3930130,89;332048,91;9857689,35;2330507,33;1254226,73;397218,23;14111030,7;3074910,04;109651,37;813021,41;;9856232,05;1602893,58
jan/11;213724,54;22475,88;136544,72;869983,99;85302046,16;3645854,09;2983081,56;1712213,64;10762747,71;707521,73;164165,54;6915567,93;4200495,56;1319459,06;33158803,4;12151011,2;13124965,2;4459729,86;435601,52;10424476,78;2407762,82;1467845,31;226989,32;15721101,82;3754544,16;100591,19;812818,97;;10253864,56;1690891,9
fev/11;265404,29;24794,56;156300;835990,15;76171641,26;3512982,9;2631178,21;1235883,72;10472036,2;853554,29;204785,34;7226828,98;4648520,74;1622389,42;35138706,85;12236351,67;12773507,48;4725096,27;445004,58;10048269,59;2333049,79;1302330,58;140284,46;16092146,98;3900082,53;175512,61;885505,88;;10028952,41;1572908,67
mar/11;225972,77;57516,14;135411,95;929632,77;86400027,11;3673796,76;3074460,19;1384997,51;11822197,37;923643,07;183534,24;6992648,08;5020451;1711842,51;36233507,39;12997297,7;14234109,3;4735959,41;429358,6;11687365,33;2528682,38;1295648,87;50458,99;17086271,3;3758123,23;170203,19;898282,95;;11065209,09;1738966,62
abr/11;198016,53;37264,46;145817,15;852357,18;84727339,8;3459387,39;2834605,4;1333130,54;10687233,13;798520,13;170534,78;6853351,8;4280622,05;1589066,29;34787713,63;11472854,05;12884085,44;4295275,98;384746,14;10866849,68;2542446,23;1301199,82;43096,99;16367393,45;3380194,58;86456,54;997051,96;432;10940277,39;1603305,04
mai/11;210576,32;63561,01;123724,41;906599,15;87535903,92;3850466,91;2930922,57;1356351,48;11043677,26;896660,87;201300,06;7717745,87;4995295,98;1969855,96;39808449,02;13823792,73;15645779;5116578,78;507882,8;11371239,2;2661319,94;1198278,2;58821,57;19073990,08;4117873,37;140174,48;898939,15;1598,4;10722423,57;1867624,33
jun/11;184172,63;70320,76;138303,65;819992,73;87504912,78;3642250,33;2895483,65;1243418,59;10199542,34;872042,3;159898,9;7051590,17;4265454,41;1731689,07;36102111,11;12128367,99;14498487,51;4746536,06;425395,28;10440675,3;2678206,33;1204652,76;54545,08;16882599,62;3673509,64;120063,5;912593,65;4702,4;10497350,18;1758619,01
jul/11;153589,42;33675,49;106050,41;855107,92;88506813,83;3817165,02;3017827,32;1507619,44;10176655,06;822325,68;165178,5;7309911,24;3798471,84;1803283,16;35950824,46;12630977,9;14420768,5;4554157;423150,36;10372259,43;2707000,09;1474114,99;51046,67;17368234,16;3754723,85;126198,25;1015690,52;2499,2;11611000;1752894,97
ago/11;238082,01;42349,76;141840,76;1002904,17;90441941,52;3982348,55;3422927,37;1317157,68;9748770,19;954637,43;190545,89;7695463,71;3899862,29;1902076,54;37701932,64;13506925,6;15344069,96;5396786,34;515945,04;10325602,83;2923270,78;1521755,25;56584,24;18898535,24;4135216,25;116766,44;950834,07;2499,2;9660839,3;1890102,41
set/11;191510,47;44361,65;156563,93;929183,1;86448190,93;3608585,03;3166685,34;1490511,67;8956380,31;896055,54;166439,34;6978047,79;3551306,7;1705019,59;35399311,5;12303124,35;14076683,4;4526875,05;452219,66;9740571,85;2784714,5;1501860,37;57193,8;18040273,51;3825888,46;129246,57;847955,9;734,4;9689706,27;1723281,63
out/11;245596,05;37069,47;149577,56;994322,77;85820822,98;3779565,26;2863070,66;1459678,18;8672966,72;897367,91;172900,21;6795208,17;3903767,05;1761032,68;31298930,09;12830354,15;14286968,73;4846750,75;440991,31;9584573,69;2994640,09;1305935,86;57382,14;18521883,39;3725933,61;136648,65;1008288,84;2937,6;11762525,85;1901914,66
nov/11;267143,39;28374,85;147526,9;930889,37;82979459,74;3714062,81;2848606,33;1389818,75;8465084,96;815123,66;159412,11;7008607,69;4055786,65;1641541,95;30795071,96;12453237,18;13359359,12;4309715,49;429377,76;9506822,02;2638180,42;1415991,43;49198,84;17498085,45;3344991,03;111088,27;922291,58;734,4;10458262,7;1730326,95
dez/11;186836,62;37497,05;124991,72;935812,53;80221451,8;3666999,96;2936586,97;1362366,72;9134076,47;767136,85;131015,69;6779173,46;3395939,8;1231207,87;25796456,4;11591918,76;12301463,19;3887650,59;344804,79;9987616,05;2330136,36;1338792,09;42965,03;15827098,82;3232549,97;84807,59;850385,62;5140,8;8288906,28;1548397,87
jan/12;272450,25;39144,55;185058,02;960850,66;83362155,59;4377913,23;3382151,45;1571394;9973921,13;926167,05;198393,71;7734552,53;3676343,98;1446674,42;34573912,76;12955275,66;13557045,5;4377931,13;461227,13;10612615,55;2548949,62;1245992,32;36166,67;19038112,02;4116445,05;126448,79;1017667,8;4890,4;12390958,5;1704014,07
fev/12;233249,59;28952,77;139497,38;915637,73;78333947,57;3839598,99;3016637,3;1410877,72;10190950,27;856793;166009,18;6576501,42;3285840,45;1526931,99;31722507,11;11587885,37;12801745,87;4186280,05;388044,97;10453294,45;2583894,95;1186471,46;46850,12;17339184,8;3640304,3;172180,16;891836,14;4400;10410154,3;1534059,31
mar/12;263571,03;31317,13;151314,67;1055148,95;88016596,16;4396133,83;3031738,64;1417989,15;11330973,59;895743,25;202405,23;7607618,28;3949736,48;1937771,04;34744537,84;13895441,09;13891994,15;4808735;474549,82;11999543,15;2738118,36;1366814,1;56778,32;19961431,43;4015132,79;84808,65;988226,94;5140,8;10925337,09;1763497,11
abr/12;258205,47;57834,25;132149,52;851898,3;85708286,52;4081535,97;2759090,46;1410385,25;10338158,52;975303,43;175149,14;7177168,54;3501016,43;1733525,36;33124243,83;12340156,54;13233350,27;4511726,42;426650,58;10989836,75;2709137,5;1192666,64;66931,22;18075735,34;3678646,2;89421,67;831690,52;734,4;9048094,18;1545510,77
mai/12;231517,18;63660,62;153952,96;940749,61;91577791,22;4309996,25;3237932,04;1462755,44;10501432,24;1002101,9;200238,47;6928923,54;4204716,75;2007286,58;37321074,25;13617482,95;14911878,04;4985226,24;508897,66;11699346,38;2792848,79;1092294,32;56971,21;20070728,78;4282357,5;119666,75;907462,38;2261,6;10732430,51;1818830,02
jun/12;228990,02;46726,1;139168,24;844136,33;91359159,29;3695141,74;2773909,96;1324543,84;9704695,64;840611,56;198745,15;6530166,85;3753196,49;1832433,04;32591863,36;12740679,13;13177228,64;4443432,06;400008,76;10575247,03;2606369,86;1181423,86;46583,21;19115251,37;3457105,93;131277,97;721649,83;2628,8;8225521,43;1733551,61
jul/12;244059,85;47812,1;133965,44;912566,44;89914369,26;4163389,76;3182744,69;1299458,2;9650133,4;833527,94;169921,86;7107880,28;4208023,47;2043564,85;35647484,44;13053567,07;14679756,79;4687808,1;445222,7;10926201,52;3057240,92;1230410,59;36606,2;19186570,51;3588317,91;114397,59;814617,58;2570,4;11183256,14;1792111,7
ago/12;234030,6;50542,07;132552,78;911843,93;87933191,59;4335480,29;3162087,23;1441727,74;9357916,7;949774,01;202676,76;7511720,94;4021958,54;2169687,6;37334545;13698275,41;15138660,77;5116726,54;495695,27;10931276,42;2969420,05;1334338,69;64835,1;22434297,61;3865951,74;104401,09;1038130,8;6300,8;13385729,26;1937974,1
set/12;212686,22;54513,54;136970,41;815191,12;84239218,19;4015867,45;3096553,68;1408346,33;9405031,91;784341,11;182037,43;7287246,52;3518284,44;1840998,41;34799276,6;13175028,77;13917951,48;4764012,57;454538,73;10464390,58;2575914,82;1273540,59;50258,89;19636748,05;3806821,3;121672,01;961064,34;3054,4;13671752,88;1660448,74
out/12;247965,12;58418,32;128805,4;919341,94;116306876,5;4645552,22;3235936,36;1645791,58;9428471,99;950337,1;199334,61;7029071,76;4097808,45;2297370;36688041,17;13783558,08;14293578,62;5137144,56;489867,96;10781204,59;2748981,58;1180991,88;60197,57;21861599,42;3915844,98;130117,1;951725,3;4948,8;14309514,18;1946220,31
nov/12;201749,64;108495,51;123611,82;803390,95;81189165,61;4188289,07;2948573,68;1468142,1;8545195,63;813605,43;188223,62;6663223,41;3173065,67;1715350,58;32179569,47;12265217,5;12649386,22;4375689,72;377770,09;9897093,47;2819903,39;1245382,4;54333,08;18646335,16;3417552,08;155746,39;898666,35;3298,4;12796074,74;1931817,73
dez/12;188252,01;93206,32;87825,37;825842,31;80552563,61;3800103,05;2888616,16;1657263,13;9260209,2;656615,69;139025,69;6554081,11;3335158,4;1546958;27488578,35;11490688,52;12941595,72;3480138,83;298930,11;10003324,62;2487256,24;1393209,29;45243,17;17365225,68;2771513,18;151065,74;767647,74;1468,8;11764708,03;1864824,57
jan/13;115075,1;36600,43;149887,93;843058,17;89328197,23;5206854,24;3304741,77;1506705,53;9853588,76;817496,25;158969,41;7669408,03;3384161,27;1793654;33135628,52;13460784,73;14704114,02;4226938,63;385278,09;11259596,78;2483184,27;1318863,73;37949,89;21039732,45;8409792,07;131816,36;1127817,65;4523,2;15318689,61;2099808,52
fev/13;137619,91;51738,18;128755,46;780942,4;78026603,64;4424908,79;2812704,13;1626578,96;9624358,31;812637,95;131405,64;6163386,68;3755835,9;1693035,08;29577694,81;11588821,85;12502722,31;3951761,51;332694,29;10708203,32;2206174,38;1221210,41;44811,61;18739742,56;7048871,79;104462,68;782595,6;4581,6;11822377,79;1755214,27
mar/13;160934,71;72768,56;160671,32;879131,88;88182234,67;4789915,08;3087219,35;1600257,46;10392119,53;904969,26;175720,03;7486030,03;3915426,84;1952235,72;34069786,22;13785333,1;14221176,2;4610843,83;381423,88;11505638,73;2921421,86;1213063,48;64876,2;20800379,3;8719498,7;91443,4;1119909,41;10206,4;15934986,12;1848057,27
abr/13;97980,26;69325,8;148101,87;891361,43;90202578,31;4901775,38;3024742,89;1549586,77;10304573,2;1001274,64;177800,69;7149591,31;4151717,24;2315340,68;35985263,32;13997284,72;14904105,45;4886586,13;392744,52;11821074,95;2525943,6;1264172,94;65016,19;22110190,44;8943060,76;114219,39;1250234,54;4767,2;16351516,21;2104628,36
mai/13;89789,65;97373,27;137906,12;839555,14;93078038,3;4890689,62;2882744,31;1432355,49;10530936,91;970382,23;170588,45;7568468,75;3827259,94;2353427,42;33951416,62;13168540,05;14396020,77;4553692,07;370242,21;11661372,54;3120400,33;1409625,71;62165,45;22748369,77;8398528,28;139454,18;1282975,28;2203,2;16418432,72;2091192,95
jun/13;103926,02;42886,51;157056,25;860521,41;88485140,32;4634106,19;2951428,22;1441156,79;9518208,29;982662,97;171247,4;6748007,87;4218061,58;2169448,36;34918784,78;13145128,3;14943201,29;4796292,31;388431,33;10873264,57;2811088,24;1132780,14;65383,99;23312517,96;8959113,52;116482,89;924346,25;1468,8;13101754,69;2131438,46
jul/13;148834,14;89316,12;161923,67;901011,67;89935963,16;5312226,62;3161131,49;1457117,86;9556271,4;919938,63;195083,41;7583514,38;4221757,31;2541526,78;34206182,56;13624125,4;15717393,43;4656597;431820,14;11045925,31;3061748,96;1214456,03;60633,24;24627341,36;8760931,17;123925,08;1164449,92;5683,2;15959748,22;2299423,03
ago/13;120978,41;96193,46;156307,56;945474,43;88579524,16;5291427,16;2976122,63;1602822,2;9401058,28;959536,09;191014,85;7554926,14;4283584,81;2411202,42;36531234,11;14175864,99;16466782,34;5289471,46;442786,15;10720470,77;3066414,91;1327495,02;84433,6;25664943,24;9184746;119433,55;1084300,85;3672;14989837,83;2245548,64
set/13;138758,36;66404,05;151172,92;914523,35;86094071,42;5123119,81;2875083,24;1498601,45;8835109,4;936392,55;194717,9;7328290,92;4534045,04;2487327,09;36312963,29;14232518,05;15097629,36;5362174,22;409872,86;10466792,39;3055925,62;1207427,86;80949,38;25248988,46;9519897,78;164451,32;1224870;6359,2;16350122,22;1979828,1
out/13;144633,67;94719,79;172776,63;964446,08;107466087,3;5450921,85;3246525,84;1618057,34;8769246,03;1021476,65;207707,74;7997559,85;4726403,83;2421249,3;36946370,95;14314298,97;16045579,12;5266934,05;467760,03;10727064,67;3307658,15;1164850,57;79759,93;25971260,02;9466706;140769,02;1046124,96;4523,2;13363117,85;2386476,96
nov/13;162867,6;93332,62;119574,26;927753,12;84783865,37;4734146,26;3022126,92;1526659,83;8725574,79;887767,84;170537,74;6710044,7;4143250,41;2261939,92;32887111,86;13529023,39;14430840,58;4520365,52;406743,39;9931859,73;2723935;1075106,58;73396,66;22897235,56;8348379,78;112058,59;1336547,79;2203,2;15519937,12;2076338,14
dez/13;84207,62;43340,63;102889,52;916673,74;82641042,03;4635019,62;3184160,74;1715233,71;9182968,71;715869,38;116607,22;6352306,57;3712936,23;1634877,74;29115312,1;11791513,22;13383014,53;4068867,04;320544,14;10464686,8;2860296,82;1193503,92;55673,05;20449158,53;6694940,37;100066,87;931601,3;2628,8;12039726,18;2076524,72
jan/14;78080,5;125949,23;158296,61;907649,32;94981636,55;5741628,53;4076813,77;1637286,74;10053934,56;840915,34;173612,15;7309553,25;3751851,25;2152863,56;35012658,38;13798438,53;15055121,24;4570605,79;387089,23;11632505,83;2720164,61;1325238,43;63828,85;25015236,68;9043131,52;105778,86;1174771,84;6784,8;15521803;2329088,3
fev/14;106584,44;39682,67;148101,89;901141,93;83879601,71;4821437,24;3535796,21;1724311,6;9484551,49;892921,7;218473,59;6786926,23;4097051,65;2173851,41;33861594,97;13142148,02;14377045,51;4877209,61;438358,28;10852809,49;2665284,34;1208830,6;79543,21;23139029,09;8840585,22;115705,47;1072704,55;1101,6;14848315,98;2117303,7
mar/14;129217,28;73678,45;157352,87;969540,4;88694780,91;5368067,54;3564690,37;1736392,97;10980586;895102,19;190435,22;7088465,68;3904054,77;2144751,05;35367163,68;13420186,45;14691478,7;5018025,52;441402,59;12077221,27;2629678,1;1096025,1;65628,91;24771050,58;8837972,17;142143,46;1269052,33;2937,6;16175816,81;2312869,46
abr/14;114145,28;41954,87;155340,86;941625,91;88056624,94;5092089,78;3740648,2;1557051,81;10659536,62;931548,63;189399,68;7350514,27;4005418,47;2192984,91;34370826,99;13209610,87;14302314,01;4939683,68;454546,61;11886071,74;2892856,61;1347777,79;63486,14;23624164,8;8644697,36;135052,99;1137936,93;4464,8;14603772,07;2220854,71
mai/14;115170,78;49009,14;150469,9;940721,16;95363606,14;5212791,02;3609848,17;1606369,53;10965359,97;998538,66;206398,2;7797481,66;4073381,26;2441843,65;37273576,67;14243753,65;15411406,38;5095457,81;501447,77;11894993;3063609,97;1157824,95;74694,37;26017817,77;9121119,79;121479,01;1376453,9;4832;18476838,78;2421359,97
jun/14;122511,18;51167,11;148268,65;935504,63;90452514;5024124,4;3449920,53;1452849,29;10129559,74;966307,86;173977,26;7231175,6;3654168,76;2168176,82;33650040,52;13816229;14896374,96;4789078,46;470385,62;11520398,87;2738672,58;1338084,99;72466,75;24793179,2;8706942,5;169978,92;1364902,39;734,4;16745390,54;2508179,9
jul/14;136270,37;67932,21;157748,47;985884,26;95304955,08;5306826,24;3690092,21;1584526,94;10200346,04;1112288,22;180629,72;7551569,6;4736684,28;2631080,61;36925594,62;13693016,22;16046765,16;5156544,29;498411,35;11995228,9;2831456,95;1342521,63;69011,72;26757117,86;9555996,67;136576,1;1105215,38;1836;15777051,21;2470109,92
ago/14;187174,32;55197,26;159601,7;996815,19;98554051,1;5299252,09;3669286,92;1666488,03;9798239,35;1026011,34;191258,34;7287663,3;4588008,08;2650295,1;35532454,84;14474626,63;16103851,14;5308161,92;520211,47;10986377,63;3068744,41;1416118,86;76492,1;26495243;9616857,19;165637,88;1152228,12;3304,8;15075217,15;2481736,03
set/14;147160,2;43326,73;153330;992358,57;97613644,66;5522838,61;3648097,52;1634992,7;9493936,92;1151915,79;227936,48;7499666,31;4465115,6;2561593,71;37499412,53;14813858,03;16607334,08;5393920,65;553137,08;11115487,43;2822090,47;1406955,35;89691,35;28353727,24;9940424,49;94837,04;1240555,29;2570,4;16528452,02;2399263,63
out/14;179770,04;79455,63;195939,61;1008601,98;92076534,67;5347977,05;3801031,07;1720604,44;8920709,42;1065361,64;219076,06;7321799,92;4279637,64;2874490,19;37291902,55;14801633,03;16963649,53;5528357,28;506548,87;10744798,38;2998071,14;1289770,09;89534,78;27535996,96;10109418,74;142322,31;1175326,89;4948,8;16284077,21;2772728,66
nov/14;90086,62;52460,44;159072,1;932168,05;83195529,98;5370257,71;3837803,91;1693876,52;8808576,75;913205,15;204893,99;6870474,3;4153570,4;2656017,11;33227346,17;13610963,92;14926352,93;5161583,98;419982,74;10417493,99;2845797,13;1345853,86;86204,74;25200809,47;9366082,76;169772,42;1188575,47;3788,8;17105495,3;2245585,9
dez/14;135280,61;56088,9;128468,67;903345,98;86296927,57;5074474,51;3998740,02;1782796,44;9547199,93;740102,27;139169,83;6723219,7;3666294,62;1954051,02;30520043,14;12304958;13502984,77;3982111,2;354962,73;11371388,95;2639530,6;1169793,25;58311,64;21815035,72;7314419,02;160171,78;876605,37;5683,2;12503360,66;2082258,38
jan/15;124216,83;87882,03;156743,37;939556,17;92948931,29;5891145,12;4181650,93;1767106,61;10568578,27;860685,25;179831,96;6443276,93;3779309,73;2101725,96;34182178,84;13107015,3;13959360,79;4718082,02;432432,13;11747424,68;2876108,54;1328933,52;42884,4;25838950,31;9061675,89;74684,95;1204629,95;4523,2;14773308,68;2414911,6
fev/15;79217,86;48531,04;163218,02;889036,65;80735763,23;5271504,48;3501130,35;1502663,83;10121571,11;762497,59;171928,42;5823313,29;3357085,32;2163351,8;30851300,31;12790027,3;13051687,08;4326785,23;391160,86;11012813,2;2282866,51;1184131,99;66710,14;23539703,34;7996902,14;94782,82;1016946,18;2783,2;12919441,57;2228186,95
mar/15;118983,62;119256,47;208408,93;1028828,69;94462206,8;5952073,25;3532454,88;1754543,99;11731723,41;1000916,88;227462,23;7185833,46;4188676,1;2623230,39;36849495,27;15027762,62;15533424,64;5502835,3;522646,07;12819646,07;3208544,69;1425043,34;80563,33;29051792;10649581,2;132515,33;1215426,86;2937,6;16697951,19;2659835,28
abr/15;133240,19;73889,8;156785,25;948199,09;93920400,58;5383191;3786887,47;1573632,56;10969272,03;996499,75;181158,15;6812699,74;3943434,35;2385398,99;32728487,28;12892763,5;14415058,8;4666253,27;427384,07;12173386,48;3048354,11;1238560,91;70461;26297248,84;8599513;153417,88;1116683,01;4156;13565187,01;2436110,65
mai/15;141338,67;76684,06;188090,9;967832,74;97368926,48;5651298,86;4110402,87;1721963,68;11289982,56;992531,72;215204,57;7033675,55;4098237,44;2515552,79;34983789,43;13401526,82;15092600,56;4938227,68;511984,03;12317574,17;2924878,37;1148365,33;70486,29;27398774,03;9854010,51;115802,89;1204056,31;5624,8;14204481,39;2522964,67
jun/15;120150,19;83435,42;154479,63;960796,01;97279376,11;5526694,94;3844416,28;1708751,67;10321614,39;939132,67;182526,65;7053722,41;4166682,55;2491853,16;34939948,1;13093629,84;15472077,51;4879528,3;504217,15;11835593,41;3133457,21;1096505,87;87893,37;26722871,1;9250284,58;133805,71;1035518,57;4773,6;12546718,16;2626398,4
jul/15;161842,32;66582,08;166691,16;998836,4;93006341,23;5876026,82;4325699,3;1624713,86;10289903,5;940154,97;183435,76;7482130,93;4146010,32;2580082,2;35697709,24;13468559,13;15844059,11;4993435,57;524291,42;11583157,41;2794900,44;1301323,05;73751,63;28889579,33;9778202,02;75260,08;1258183,13;13202,4;15184073,27;2442366,74
ago/15;146948,15;65382,89;170563,94;916870,95;93692472,07;5904072,05;3818113,77;1898632,07;9864020,77;984176,67;220251,81;7396895,08;3935544,16;2962179,65;35660612,07;13565031,87;15714389,53;5294922,8;551900,39;11368084,35;2799963,25;1246363,99;84187,34;29746106,18;10613934,93;135715,05;1441410,15;6784,8;17048144,34;2318608,15
set/15;152957,74;101816,33;136614,08;1004993,91;87205263,81;5592314,17;4110453,68;1700528,37;9918220,93;1021228,74;212725,45;6875889,04;4221366,67;2758027,62;34599233,16;13521145,02;15668728,51;5160300,6;520353,78;11366759,6;3194746,3;1342896,51;90170,78;27734746,22;9935003,4;115656,11;1121330,97;9568;13809772,56;2429252,7
out/15;155405,18;81691,6;148205,81;981349,26;89244269,15;6144947,98;4227120,22;1881128,85;9175068,07;1052615,12;215495,22;6785849,39;4466778,5;2867537,68;33072594,45;13832660,29;15285612,21;5037141,03;448610,15;10540080,99;3173176,08;1342705,6;101585,99;28316915,88;9615986,93;114678,74;1081549,14;2937,6;13816164,17;2515217,06
nov/15;138395,94;83627,58;169391,65;959029,52;83903963,09;5581738,93;4058026,9;1809863,41;9331135,05;983196,79;207497,06;6547402,98;3938334,47;2653032,74;32844952,85;13494746,5;14617996,95;4911794,42;415147,76;10678993,25;2694915,92;1301930,74;78109,36;26782642,4;9894142,21;129243,13;918884,98;4890,4;13242281,94;2285214,73
dez/15;138170,32;98860,03;132448,15;967051,42;87154049,62;5380309,73;4034111,68;1806849,25;9929457,8;866271,01;142843,86;6185781,22;3014423,49;2200437,74;29093220,16;12132105,93;13385691,21;4002455,53;332686,67;11439100,42;2701216,51;1167570,89;60428,05;23524750,61;7595633,37;100859,89;1066439,82;1468,8;13237021,03;2227997,48
jan/16;220342,8;90612,33;190069,53;950592,42;91499299,98;6240625,66;4093335,34;1923057,06;10667686,03;850838,6;171098,94;6668894,86;3632696,51;2338522,19;32220998,24;12879954,15;14121630,41;4160640,86;372600,3;12091104,09;2779887,41;1322139,88;45465,78;26048392,85;9273813,24;105430,94;944891,31;367,2;12295910,35;2409465
fev/16;156421,07;65040,04;169070,88;961770,99;83182456,57;5771594,13;4121444,09;1826079,45;10350290,61;938221,72;174896,75;6249145,82;3659506,95;2147216,23;31734319;12646124,77;13281103,69;4171294,39;414642,73;11530411,41;2436579,49;1169901,9;70449,21;25524591,23;9348647,77;123898,33;1037369,95;15096,8;14190600,41;2391193,6
mar/16;187675,66;59797,56;201858,12;1068076;95389162,46;6006181,54;3890516,48;1639345,37;11515687,95;1085300,13;192004,59;7175088,68;3704458,84;2787492,53;34808566,28;14356544,8;14614638,71;4837591,85;493474,19;12977769,99;2798160,28;1318493,51;80852,01;29668206,28;10727809,98;134955,88;1222326,67;9897,6;15958720,82;2669782,92
abr/16;147712,34;66280,78;178728,66;961470,33;97219499,53;5527154,27;3735116,86;1686316,01;11177629,57;963988,14;198656,62;6714678,83;3620726,75;2477777,51;30595811,89;12831284,85;14487635,83;4293722,09;429454,14;12298338,42;3066045,06;1362628,79;78333,33;26273966,23;8753412,31;125505,56;1177814,13;5316;14142849,65;2394190,64
mai/16;164268,21;169257,9;202121,24;979801,97;94073867,95;5891401,24;3979249,5;1687978,08;11236027,46;1053503,14;186690,27;7077104,91;3297334,88;2685835,45;35396466,93;13993985,86;16117265,8;4911758,04;474380,79;12768347,61;2798990,68;1232086,44;117876,48;29335546,7;9874556,51;179911,16;1124667,5;7181,6;13849788,19;2423605,5
jun/16;157761,56;98649,24;165429,97;1018277,61;95871423,92;5435119,5;3990746,76;1783776,97;10392696,36;1115829,7;194512,48;6902590,77;3302978,39;2616432,61;34609175,48;13458891,28;16225945,33;4662941,75;530583,05;11697486,91;2746740,16;1237692,88;85908,15;29631960,16;9850455,94;164867,14;1126909,07;8449,6;16545381,89;2378270,83
jul/16;156266,35;81144,64;203176,71;1001683,75;94112778,14;5827318,28;3942962,96;1637154,74;10091624,25;993729,88;177503,11;7177792,27;3449905,86;2661982,89;34091187,27;13106111,38;16053309,65;4434913,07;452723,63;11359774,85;2831618,8;1263080,65;55371,55;28954874,01;9212834,35;179887,66;1104312,63;1160;14361258,18;2440210,69
ago/16;171778,02;113461,16;167184,24;1045252,41;91741297,22;6066491,38;4133342,86;1977711,36;9516999,76;1171090,63;192740,89;7205954;3972643,33;2820892,62;36916905,96;13766835,75;16503332,75;5015060,73;547583,3;11502449,55;2687158,79;1436533,31;83697,2;31764280,22;10044586,98;156260,05;1459532,17;16770,4;14586494,86;2254682,52
set/16;161988,84;110612,01;188637,93;994198,98;87881085,68;5826719,31;4102024,36;1947764,43;9266153,5;913528,62;189033,42;6716115,63;3107563;2730555,23;35297213,84;13000849,93;15412408,08;4519820,67;484251,35;11177746,69;2879358,22;1325609,95;62915,92;28518033,1;9508723,22;149993,96;1141713,34;6240,8;16095297,12;2226352,78
out/16;135314,58;71758,18;189511,05;1012505,83;89140949,53;6185634,4;4107751,8;2021098,41;9038232,27;937830,84;166290,82;7107510,04;3536192,9;2568818,3;34344099,34;13379647,24;15333771,34;4394668,25;488910,5;10925109,63;2869737,57;1430347,57;62902,42;29782136,49;9397394,07;129542,44;1138596,47;2208,8;13960057,43;2535395,88
nov/16;160522,47;96683,95;148807,75;994851,6;87777950,31;5749201,94;4000517,17;1921450;8621078,7;899939,3;162859,31;6399926,55;3077518,77;2577618,1;32320835,08;12934075,54;14618679,59;4422028,95;434079,34;10675672,9;2561628,22;1233543,69;68554,89;28562893,13;9472020,41;160513,04;1059330,82;6608;13747183,57;2370687,27
dez/16;167789,07;61255,26;132769,49;1025947,31;85980433,81;5555915,85;3946672,76;2197335,04;9261918,05;772589,23;135295,9;6587835,37;3021623,06;2092132,69;28818901,33;11808138,9;13748602,87;3709469,81;363831,01;11327594,58;2924654,45;1432649,71;47211,67;26597825,57;7521264,89;99941,97;1154263,76;15314,4;15078715,84;2276379,17
jan/17;181604,94;71622,03;175068,08;971412,65;92266231;6193419,07;4581262,05;1957444,48;9762125,24;884626,4;141670,55;6918626,8;3905288,39;2205608,39;35368496,83;12673751,72;14637068,49;4578116,16;436708,45;11821430,3;3048361,08;1381778,35;48251,67;30117584,35;10214993,58;145346,4;1014792,11;10584,8;12966289,56;2457434,78
fev/17;152444,65;87903,88;158761,78;942431,52;83170582,34;5244220,88;3718503,31;2131237,36;9919176,8;861008,97;158624,4;6323234,69;3644746,7;2016236,5;28796744,74;12386769,55;13536402,75;4041143,68;409479,19;11972341,4;2619930,11;1131677,47;53566,4;27371939,14;8433612,63;125039,94;1246146,41;14339,2;14575465,86;2183552,86
mar/17;173095,97;53897,72;160375,49;1042583,61;95886593,35;6271433,78;3968173,77;2105761,77;11547126,2;992300,8;199464,91;7391135,36;4113597,2;2655585,52;36480709,53;14523728,07;15650856,26;5019503,82;519494,75;13833708,89;2675893,64;1320046,82;76300,48;32340060,4;10915741,5;173496,54;1255103,26;10732,8;15332298,72;2453383,9
abr/17;172594,93;73456,76;157601,52;951208,79;93116893,09;5460134,2;4010575,96;2018358,57;11058510,91;866159,55;156407,69;6290823,61;3314679,54;2120063,06;30397352,74;12112594,7;13966605,28;4137604,96;446499,01;12696466,27;2822315,29;1212642,61;58623,21;26282694,26;8991572,32;149623,26;1323850,59;24516,8;16646904,58;2544725,89
mai/17;166616,09;58916,79;182380,69;985462,6;97357978,53;5924488,34;4450086,34;1980131,77;11596930,24;1031991,75;201645,3;7033229,09;4220371,68;2536908,81;35779770,04;13917840,71;15858034,71;4925357,75;551890,19;13448281,35;3177939,27;1373542,51;70135,55;32366586,07;10722564,61;189181,84;1286904,04;24912;18006556,06;2773536
jun/17;136054,29;51451,03;153146,89;988841,15;94986651,4;5908634,35;4379667,07;1753192,51;10776124,41;965821,3;165802,04;6586969,47;3791947,7;2322496,14;32872133,93;13117113,73;15789937,09;4400741,11;448102,88;12795166,46;3144345,09;1271218,6;67216,62;29197389,56;9835134,81;183305,33;1183723,33;12923,2;14317094,37;2818663,08
jul/17;155608,01;91257,41;167132,26;930572,5;94179632,11;5941181,21;4176738,86;1911621,54;10668436,31;976163,33;204759,43;6985978,57;3793385,31;2976541,62;35042716,77;14180492,88;16834972,15;4886094,35;451955,7;12466213,96;3010935,61;1326779,66;59742,92;29637901,31;9676959,18;148615,47;1358846,8;7796;18720143,46;2661740,82
ago/17;215963,05;103743,86;157284,8;1030052,21;101491728,4;6136490,35;4416980,69;2018056,78;10022899,4;1105616,1;200446,32;7438376,5;4668291,44;3435492,92;38739899,25;15326492,61;16638381,16;5855344,49;536594,43;12171849,63;3086046,98;1389414,56;74669,57;33078452,57;10454990,3;150392,38;1438995,05;19605,6;16827523,74;2595234,24
set/17;198398,9;48971,23;159763,62;967179,24;88996586,1;5722480,23;4252406,54;2069670,62;9818429,69;985651,17;201375,3;6772770,28;4008975,25;3457492,29;33900379,48;14724125,02;15441499,73;5341363,74;449399,52;11677768,88;3009352,68;1234518,52;69821,59;27701788,72;9275497,88;116155,51;1094388,81;12004;13082308,04;2564369,84
out/17;197958,45;57355,06;161519,85;1042342,04;95355184,53;6216808,18;4760975;2161802,47;9519016,07;940056,23;204122,38;7120141,71;3744270,83;3633269,79;35272834,68;15509176,28;16228691,16;5706879,67;486122,65;11478949,95;3172152,66;1571955,32;77699,94;31553501,12;10423315,42;165377,09;1188877,85;24116;16850062,88;2611116,1
nov/17;193709,97;101502,73;146076,94;1026989,63;86055979,21;5467686,05;4405581,11;2111866,27;9431910,74;904955,13;169370,36;6624615,46;4180133,99;3616962,16;33808258,46;14959678,99;15134239,69;5306724,74;453652,58;11300632,56;2957822,33;1273874,11;65623,18;29811728,88;9613508,37;154157,9;1051236,76;10677,6;14359328,44;2563549,75
dez/17;190488,84;98820,15;103253,61;1014991,63;89196898,37;5388234,13;4481921,88;2081086,31;9859379,67;843476,79;131614,97;6433949,15;3831351,24;3312583,32;31227968,21;13483487,99;14619187,44;4667632;385271,78;11559636,62;2922607,73;1322002,66;62214,85;26558866,04;7451486,19;121904,59;1108315,39;21299,2;14773631,79;2384303,08
jan/18;173140,24;43672,61;155718,78;1078097,3;92441183,09;6212893,55;5207550,94;2093243,64;10685602,86;957033,59;147949,31;6545742,27;4069386,61;3009592,76;32865799,23;14294098,03;15085300,79;4893940,44;416515,08;12419939,26;2703364,27;1542309,91;70817,92;30914783,48;9662353,03;141619,47;1284015,24;17631,2;17887340,6;2631066,3
fev/18;215355,98;68371,67;135854,12;934730,73;82650627,9;5876955,29;4458146,58;1731074,71;10052666,52;946361,63;148114,07;6382389,47;3601745,67;4170810,41;30013218,11;13123553,21;13668595,36;4878419,65;422925,17;11639834;2518818,58;1133967,29;62202,86;26901620,84;8637844,92;136576,95;1219564,6;16900;15932138,26;2539687,28
mar/18;221589,9;79966,07;155723,86;1071368,98;93799837,43;5998649,29;4823770,32;2175413,55;11271228,97;1039132,79;171807;6751564,09;4055441,54;4982963,2;34008582,28;15055551,04;15455888,95;5858408,21;506345,77;12913561,18;3224179,38;1449706,61;68258,72;31385379,24;10108054,24;150205,82;1229834,62;8650,4;14406733,86;2919570,64
abr/18;175742,92;54928,76;141165,25;1080443,9;96222250,47;6160290,42;4768187,85;2057037,72;10985731,44;918459,94;159914,97;6556590,42;3994544,98;3667052,76;33174746,27;15035607,14;15270622,74;5680689,74;513521,67;12854404,13;3015071,11;1239741,05;78986,43;32247390,5;9495441,95;151516,25;1354759,37;9813,6;16410255,66;2896999,5
mai/18;172906,13;79224,83;151280,72;1038347,23;99597426,6;6285673,33;4889976,46;1882145;11329567,16;1072913,24;155173,13;6936708,54;3840015,56;3957432,81;32081398,99;14688276,04;15836451,46;5655259,51;518751,47;13191552,08;3225218,81;1288859,74;76188,05;32705580,11;9948541,63;162484,36;1318947,14;15221,6;16443538,27;3134027,16
jun/18;201382,77;48322,28;134157,19;1012419,05;96657846,52;5993870,75;5094313,91;1888570,72;10323317,27;1081066,12;175230,38;6672234,94;3945456,07;3902235,03;30801856,58;14327395,95;15266197,42;5446587,36;506063,33;12034710,97;3327972,65;1191415,01;77131,34;30804316,42;9609217,11;213393,91;1119577,73;8570,4;14398323,3;2839022,61
jul/18;229082,64;67251,33;173591,4;1017660,29;97566066,79;6398599,46;5181038,88;1902864,54;10150255,55;1037847,57;188125,84;6879290,87;4053195,78;3961540,88;32448770,89;14890426,57;16634733,21;5684936,08;517604,03;12126277,09;3089982,77;1502241,89;70626,75;31915368,01;10231018,15;121063,47;1149519,73;13787,2;14103473,56;2844974,93
ago/18;178969,54;79754,87;184787,1;1082060,51;96501242,61;6307416,51;4865984,63;1985059,77;9983559,96;1152542,68;217220,57;7271974,13;3975290,65;4501655,48;34073868,11;16062324,87;17889723,42;6092897,18;576153,32;12131531,41;3166386,04;1305000,57;82851,56;33730809,56;10858108,2;149761,21;1366889,3;11698,4;17258439,75;2625120,55
set/18;197709,75;71834,57;168154,26;1025169,82;91573749,34;6161870,24;4410266,38;1963612,13;9691304,68;989930,28;174521,97;6826288,85;4316197,84;3674007,75;31696280,54;15179181,17;16178204,67;5554135,15;520347,57;11386563,39;2852591,62;1445083,67;76172,93;30431013,79;9805730,79;170233,5;1282151,57;10288,8;17383983,94;2469012,16
out/18;166851,98;41627,65;180196,95;1109490,31;100736477,8;6266329,19;4619559,12;2039868,41;9269492,22;1097894,42;210611,92;6837174,48;4396090,49;5355392,42;35046383,44;17139725,51;17417020,18;6543116,34;541759,62;11555228,15;3079515,2;1408457,92;96721,8;34133575,86;11141345,71;157637,38;1305786,27;10714,4;18292606,49;2569899,54
nov/18;184067,75;54166,75;150239,02;1036814,55;92019972,76;6178470,99;4560278;1962215,91;9295698,42;959607,48;157548,11;6781210,34;3877131,49;5248977,99;30530987,33;15580068,13;16151904,92;6033824,82;449873,59;11214802,1;3082584,45;1099029,6;65013,32;30406885,29;9093996,67;155406,92;1422604,61;13290,4;17913579,22;2588168,79
dez/18;175889,61;84703,32;121262,04;1006080,91;93245234,28;5729901,47;4748041,44;2024750,14;9241254,75;866798,76;146069,92;6551514,32;3166413,17;4390026,19;28951765,4;14423532,82;15337545;5374902,13;353010,72;10771951,67;3235451,34;1390029,89;60888,64;28339512,12;7730337,63;130358,71;1369773,38;12260;15254283,41;2536778,01
jan/19;203405,59;78079,07;178438,47;1083047,88;97422880,16;7065768,85;5417295,8;2110375,61;10207674,87;1077268,07;171755,26;6425266,42;3821698,48;3451838,23;33064506,95;15640605,46;16216805,54;5595279,49;489018,41;12106504,96;2972959,83;1232170,14;64400,59;33705406,41;10807358,41;136508,9;1218186,14;6404,8;17148327,47;2774419,03
fev/19;151267,12;76024,46;155100,96;980783,34;85427456,79;5967596,35;4663272;2110882,37;9825125,61;1058620,83;226513,41;6486678,76;3726104,74;3640963,17;31326053,62;14810272,07;15211165,35;5604234,44;518684,11;11271633,96;2756559,01;1373530,23;72139,61;30290969,48;10248319,46;152692,8;1259384,93;7475,2;16370979,34;2313042,47
mar/19;161613,02;94979,29;161029,04;1068212,82;99870729,44;6057528,75;4538756,51;1994439,04;10809343,01;1011248,97;202143,88;6569810,04;3705654,66;3561134,78;32535671,02;15283503,23;15559420,33;5677986,77;495227,01;12395238,63;3089533,59;1198023,62;80076,84;32011983,42;9476902,44;145545,96;1162799,28;6185,6;15389681,04;2840592,61
abr/19;191399,63;43977,71;186787,67;1103613,37;98230176,26;6320209,69;4879702,6;2087181,84;10337820,19;1104005,58;213160,05;6806127,29;4068307,65;3678575,16;33250354,6;15659241,46;15977058,94;5794238,84;483263,83;12142531,68;3311725,56;1416633,82;116336,62;33865742,53;10046037,98;145663,46;1287446,1;5800;17136104,19;2981319,74
mai/19;189668,65;66604,59;164650,31;1150209,41;104847763,4;6107996,02;4517847,34;2222098,38;10720913,04;1131840,9;226418,49;7167081,32;4616196,01;4425817,18;36236728,95;15843532,82;17042103,3;6220353,54;528018,9;12514570,39;3311870,91;1252151,56;80540,78;34701173,1;11290341,82;205470,77;1253165,93;13549,6;18117528,33;2974709,63
jun/19;160322,83;81186,54;159840,33;967957,95;97713185,87;5729323,14;4592626,86;2014720,13;9930130,33;956934,46;185792,98;6397266,39;4357675,16;4648669,04;31750512,05;14421072,38;15651365,18;5672112,5;428326,31;11368518,93;3022621,24;1245408,28;78197,23;31808839,05;9914254,07;158403,76;1145855,53;9150,4;14164921,87;2886576,22
jul/19;169744,04;61682,46;186040,83;1045398,67;102025176,9;6351701,62;4776112,94;2089669,63;9775000,05;1017595,9;205659,53;6843856,64;5238732,74;4844963,21;33723568,75;15832282,37;18139118,63;6043192,06;498277,34;11537142,27;3412471,18;1350662,55;77321,27;35628761,95;10858678,92;150583,75;1393559,09;8357,6;21011312,45;2898493,08
ago/19;214442,21;112736,3;159069,13;1084315,05;101090688,6;6225511,67;5078420,89;2107520,14;9385896,57;1129858,57;199669,72;7376261,59;4867312,4;4304900,36;35482529,57;15627949,02;18235648,72;5925071,96;489393,05;11413574,56;3500254,07;1132811,98;101392,48;35999800,72;10878536,49;155946,26;1267883,66;12648,8;17028577,98;2995491,51
set/19;141482,1;81095,1;160133,44;1121665,43;95474231,88;6557350,32;4755537,6;2207645,83;8799104,61;1096058,05;194634,35;6677841,92;4637336,59;3961622,21;34043399,4;15122479,97;17029392,42;5746965,3;493365,45;11526616,93;3452488,99;1293921,85;99111,03;36665656,25;11114558,62;154135,01;1322438,93;6463,2;17294948,06;2852386,84
out/19;205109,07;57906,24;177301,58;1193934,25;98456035,72;7140198,4;4672281,33;2337421,67;8236233,73;1175684,72;188063,81;6906948,17;4708851,28;4433373,33;35089494,14;16009188,06;18020183,4;6047489,85;582494,05;11326763,23;3418915,54;1390230,39;100816,75;37674994,25;11791625,46;162457,63;1410534,34;11467,2;17996172,37;2944185,92
nov/19;178418,07;88087,44;167534,48;1079813,71;93542152,53;6566440,28;4515030,24;2178797,27;8240628,53;995161,1;151334,86;6738042,02;4174200,05;4178343,23;32578467,3;14454495;16379554,39;5130441,43;447715,25;11181257,29;3388664,45;1428503,65;88946,06;33666005,94;10166625,86;114768,96;1273656,73;7234,4;16935678,79;2755833,76
dez/19;180261,22;96989,16;152609,32;1119853,85;96465593,29;6361836,32;4755895,95;2485201,31;8798024,35;893019,63;131051,94;6147018,4;4353078,46;2803608,72;29790558,44;13184608,32;15545967,6;4432487,86;336912,57;11553686,39;2869917,29;1427201,09;63115,76;31610221,93;7784172,25;140542,43;1354636,29;8761,6;15653787,84;2856871,83
jan/20;188020,01;118556,04;182255,49;1132289,1;100984652,9;7273234,63;5173870,28;2243073,59;9295139,68;983912,44;162619,39;6857307,79;4837209,67;3765733,62;34458359,79;14661342,84;16375774,89;5505914,03;505168,34;12444554,41;3384750,02;1462744,11;71688,69;37221233,1;10324613,26;190602,02;1521517,28;10751,2;19297557,33;3231481,36
fev/20;249516,03;123040,13;152666,67;1107832,42;91824494,93;5924750,53;4786025,26;2224872,27;9022745,97;900102,9;148077,9;6219508,74;4336206,99;3440986,67;29547411,91;14191718,51;15170786,92;5103628,38;424728,12;11464796,74;2841248,96;1182308,69;62261,52;32090211,23;9002828,4;170614,94;1257310,22;14367,2;16202809,28;2862840,47
mar/20;205793,93;95374,77;107874,34;1072812,97;99922880,01;5875139,68;4007513,75;1864074,89;9877225,26;756078,5;127286,11;6265224,43;3288131,53;2762009,94;29225067,48;12322551,55;14295442,84;4193735,51;361385,76;12793917,32;3136576,58;1275027,26;56868,04;31493813,57;10295513,74;180858,1;1397153,35;18294,4;17824152,41;2840896,51
abr/20;134879,75;79516,03;3071,02;822287,29;125890126,5;5258551,24;3224493,55;1327520,12;9611770,43;356211,93;40681,52;5222399,67;994683,77;875091,61;20085430,78;6609549,48;10590733,56;1901329,03;95915,04;12354518,65;2749030,12;976915,16;26137,99;23181874,65;7507163,87;93999,79;827299,94;2576;11999021,32;2335961,28
mai/20;178806,78;113956,71;20568,82;958274,56;174336105,1;5205746,38;3539057,93;1699786,05;9510138,05;363193,84;50706,89;5704982,36;1533230,68;1190670,88;22381452,97;7587435,87;12007074,4;2274378,43;136903,39;12525816,99;3226623,83;1009557,1;19380,42;25928122,94;8308113,62;75605,63;980858,73;6222,4;11078345,25;2325146,07
jun/20;161575,53;74292,88;13894,24;1076961,97;183514488,2;5372078,22;3705474,36;1648267,22;8649258,59;562344,57;39230,86;5854132,39;1632219,36;1944675,78;24214517,83;8335648,53;13013106,47;2546998,01;153133,28;11845306,47;3075353,99;977255,17;20703,51;26685901,28;7568716,28;98217,7;793500,33;5667,2;12455310,56;2255350,24
jul/20;169884,2;83877,83;29237,83;1188308,71;203236493,5;5934755,54;4119731,5;1879481,84;8856443,18;675678,77;47943,18;6325782,93;1713499,26;2101197,49;26966848,8;8947818,2;14505695,07;2994449,94;151322,28;11635076,2;3743174,3;1085407,04;29858,06;29367070,86;8832008,55;121433,78;1041296,01;2576;14171572,91;2028972,5
ago/20;158754,71;80998,93;44641,07;1195576,02;182716251,2;5921929,26;4205078,7;1946029,12;8513480,54;700648,08;75398,24;6154114,73;2112651,67;2514811,84;28832181,16;10464843,16;15080123,88;3517637,42;239723,37;11114302,31;3431414,74;1144119,82;35583,4;32093754,67;9526309,54;121600,11;1122261;4078,4;15126280,21;2074094
set/20;180662,5;70242,28;36191,73;1264264,17;158321949,9;6275103,02;4172253,6;2146658,04;8584009,99;756987,23;101542,37;6071264,12;3068002;3142286,8;29710899,48;11837531,73;15516510,57;4288802,9;323037,35;11290712,27;3513825,3;1132719,53;38145,2;33540359,74;9921849,27;131243,06;1468507,41;3865,6;19547520,92;2415530,45
out/20;139061,27;198915,93;58132,46;1253331,26;143393469,9;6359202,49;4502951,38;2351232,92;8187511,01;777776,04;120066,55;6638255,49;3535393,17;3995937,73;32370710,02;13343539,55;15986826,02;4651909,1;304258,27;10612665,16;3466837,7;1318729,87;54824,92;34775497,98;9292600,79;122209,37;1229551,5;6571,2;16573812,75;2434040,87
nov/20;169174,08;145940,8;64696,09;1214840,42;140932049,5;6060721,89;4159926,56;2273314,08;8278554,26;834406,58;138647,72;6721575,46;3749471,7;3831927,29;30036657,76;13680085,72;15610653,2;5242919,43;368308,97;10505994,86;3383000;1214838,3;56667,35;34273122,67;9533328,24;174080,62;1363779,08;11723,2;18358705,01;2210662,61
dez/20;195339,3;146570,4;68004,54;1219461,98;162668396,3;5824868,44;3977851,67;2118455,41;8764283,7;727872,75;69984,95;5786863,23;3963408,47;2544552,56;26986808,98;12020567,79;14687213,76;4228871,06;280906,48;10916422,1;3625000,63;1121611,13;44942,01;28374953,17;7428589,81;142203,55;1055043,44;3884;15531486,35;2321810,97
jan/21;154679,8;96970,12;62986,55;1191523,13;164977005,8;6106117,87;3665183,99;1819589,87;9191165,02;598760,97;103583,59;5171183,51;3146140,33;2528737,73;25357518,98;11038974,92;13523897,9;3989266,75;291452,55;11173443,93;3302521,33;938362,74;35532;28654844,01;8836604,78;110068,76;1032880,81;1160;15054149,07;1961118,86
fev/21;102433,3;59586,97;68154,72;1018072,56;134814966,6;4748433,14;2675519,43;1536487,62;8060621,43;632239,47;93491,4;3979260,21;2529525,11;2381741,35;20377738,72;9344433,62;10580700,73;3907522,58;266256,75;10110589,37;2562745,46;802981,79;43184,38;23353119,04;8055305,05;85629,35;1038671,01;2320;13409061,99;1552270,94
mar/21;87252,67;24693,87;22957,05;752927,78;98711498,06;2720476,22;1221735,36;833264,74;6839864,12;481089,57;42782,7;1620920,9;1578671,28;1837566,4;12670431,08;5207815,17;6125686,5;2116455,67;171184,36;8168617,05;1347358,83;353308,53;25764,78;12292570,19;5088361,45;110449,08;486611,13;2320;5869802,78;595880,39
